file_hash,type,subtype,split
aec23cd9b58c8b80eafae737724ab6303aa80ee6a780e0fc98138dc05d866b61,Z Neither,Z Neither,train
5139506dca349a806289b8797baa2f3da0672b0feaef5d13046f4376da9f3ce1,R Glutamate,R Glutamate (NMDA),train
a307b2509198113d75248eee11edee437e420c21eb5649a4f0292d2be01e6a6d,I Na,I Na (Transient),train
f61e583bb6e64cefe5b7d85772069bfbe91973454d9a502aa1d7e66ed4f49af4,I K,I K (Rare),train
0e9934372e61ee363afcb403eec3c3ecb47ff47a969c2bfb8b8ab4e0bf86686c,I Na,I Na (Persistent),train
1f871fb7afabb4d58c4add0f78a53dfa47fe23eb94b8f90ddf0c41dc4aff3d60,Z Neither,Z Neither,train
5b3c88cead6f84a388d052ceeb188c70a58b2d7074f814490a1c63adbe13643b,Z Neither,Z Neither,train
5520965065f25565133443c109b5e9eaf78c60c2cd82969a95e34d9aa4a1dd83,I Other,I Other (Leak),train
5018304acd0ab24793a4cde224719e8df15a50a977604073b98567908b535573,I K,I K (M-type),train
b4fd9d483cf2d8dbd59509fd1902649b1ed157794a310f51976589c1abf759f9,I K,I K (Delayed Rectifier),train
62c985fe5d5c01f24908b5efe75d6511406c5de30ddd86892f888342c6cfb1c9,R GABA,R GABA,train
a143d1014098cbbe71d48e0d5b920dc49ae101576ccfd17ab2d4ac8835382420,I Ca,I Ca (HVA),train
2f96676d2a7e3c91563b9ee2394745e9a5e27f1dd8cc18828a5878ee20d68418,I K,I K (A-type),train
a453a31eec46b1b19904e4fa4d82b1e4cd34f8106349661a200c8d5146f49628,I K,I K (Rare),train
d35e14f896fe05f36b2641820cca061755502705cc85f1358878a9f656595d91,I Na,I Na (Transient),train
10b6e8e7215e55e96105b0dbe979442dd6b070903b045a6b0222a98bee07bb4b,I K,I K (A-type),train
6cd64b4b4470f235c612dafa1aa7f6529f0f08aa0db0281d74f7bf5e1c92c29a,I Ca,I Ca (HVA),train
38fb212329ab01498fa98be5ecda58bb649b3ca67964bc19d211814dc549f90b,Z Neither,Z Neither,train
52376efbcd24f5b4e68216ca4dd8ffdfce6eeb919bc93e6cc6565b6afb57f8ae,I Ca,I Ca (HVA),train
fd948da49f5989b207f1d4d52f7a44da91bc7a1e7e5b8bba4dd4005a0691dac5,R Glutamate,R Glutamate (AMPA),train
b58074d22c58ecb4065ca061b447ce7d3a21ae8bf62bd09a20606f3924acec95,I Ca,I Ca (HVA),train
45f2f9b53fa2dc30420af8b53dc7d11bd55ad4c9387c52cfe1dfe9346360f470,Z Neither,Z Neither,train
592a10153fdeb25a527c84bf6837c6a7dafa7d680558cb0f397470d9060be334,I H,I H,train
e0e5a1540eb05d4536d5814c9eefff3380badf54c3a960b04e1c68d589d745ae,Z Neither,Z Neither,train
1ada96dbf7d00b64b246c2b4ae02f64e2bdc89dbdd1fd8cdf7e2be1911581b4e,I Na,I Na (Transient),train
7e88532e8be15049d84844669421e70ca33bbeb33e696f8e895a2de3f54f9f70,I K,I K (Delayed Rectifier),train
2506eda78338278ee9944adb440dc621eced205377b831cb5b855607f0510131,Z Neither,Z Neither,train
fdcf936e5f2501fa3bfc5266133acc81319260f2f0e18e2decdbf3a6bcb02bc1,Z Neither,Z Neither,train
9176b9c995d1c4b6153b27b9ce211daaeda332edddc6d1cc1e1fe355ee97a5b9,Z Neither,Z Neither,train
1d9d25bb44daf9412f0234ea2109c3c02392b64f2705ec1a0e663fd21dc554ce,I Ca,I Ca (HVA),train
c51085de2211de97139eed20aa46d8b7552764ed09e951305096dcba754fceae,I K,I K (Ca-activated),train
57b2ba7ef6db8a60e427783c857fc42fc3ec216b1d767fdf1297e9c77d28360a,Z Neither,Z Neither,train
30dbf13d0477164c3d3903a57322f1e4f5ec8000f93113c6a920e0b60db68697,I K,I K (Delayed Rectifier),train
5c23676a8bfe034d7e71157693b5e250d1a9c4ec74f4418d62e97978446307f3,R Glutamate,R Glutamate (AMPA),train
6d7428e55985c049dd758d841b5bf8b485bee374ca424dd167b2957ffb468de2,Z Neither,Z Neither,train
e2f709e3653c1667a8c7e72037bf19512ebc52b1c0dbb7bd3ebc4720c37b113a,I H,I H,train
068ea85799439274276a067ad2330e652bf65d3a1eea1aa61e8008e1894bdbb3,Z Neither,Z Neither,train
80afac4be3efc072f7d95495b61a121e7988280f0de366567d06453437c35e5b,I K,I K (Rare),train
6d200240baeceadee65078452a426128b81d9fe82f33edf4c6c439a20d44f0f5,Z Neither,Z Neither,train
414840eea6fe6455d3377f99f43543155d2e4771b8cf8ce6d26f2953d53836d6,I Ca,I Ca (T-type LT),train
5e08cdb0d8ee46f72ec56737080d78ce1a53d4d254a80bf069ff246d02370f73,I K,I K (A-type),train
c68b75082eb2d43a378744411f4588aec30755966126312398930d87fbb34ee4,I K,I K (A-type),train
cc0eb5c3fa187b034c04f9da35be5f4bafc61850a237bbb236a135c3b8348bec,R Glutamate,R Glutamate (NMDA),train
d1bdac314d522b5d8cdfda1a3cefbc39beb9452b1d1ff6388c92bc8a636ba4b6,I K,I K (Delayed Rectifier),train
cf920d0a9f120741a0f4211eebd27503a576145cb1a04be68d1d496acf4a6c7d,Z Neither,Z Neither,train
37f5da8180e0eaaed6676e4a733c8393a7d88a6a44d77f5e3735644e7e26b4b4,I H,I H,train
38e80457e87415bab6cd813aea89fc37fe5947c4dd4e93229d77b37206c72055,I Na,I Na (Persistent),train
b08a1df7ee3b732b4b01e93497863aa6689004f6812b4355b009ec16a7530504,I K,I K (Ca-activated),train
e4d5c18815d32f63fb3a91a0729e3edcf34412b4e46a1e792216e2dd87182cee,I Na,I Na (Transient),train
6a483c852b98190d0d5958b684de5028dc16ae307c2efa494addc14bcade8e1c,Z Neither,Z Neither,train
55818f3849dd0d86bb50fbf850759ecfe1396edb3e34c6c7eda646f502a08adf,Z Neither,Z Neither,train
1e4e63055fe66aacf8bf889828d3498d31caf8c3cb70a78084927332ea1cb685,I K,I K (Ca-activated),train
3bf5c7d3cf68d4c58b509c13af72ba6b0076d41601ba7ffc8c4153e8fd6285a8,I Na,I Na (Transient),train
6143492cf8f43064cc4cbec7c65684b064db2d827dc303ca5f5a8947f8182408,Z Neither,Z Neither,train
128082167b13809d60218d17079efaf94ded70abecd71db32ee535ee86c90cb6,Z Neither,Z Neither,train
7be79fd0bd411fd3d6fdb123ecf976dbe22ea1f035e0c9a54d64f81c5044e6b7,I K,I K (M-type),train
7865dd0c1a1779fc0ed60fe770c71799155724831cd6dc7842268cbf5e33831c,I H,I H,train
cbfbea442ae6260778f64caa855250703376ded4a121c40d2d9270ffcb654d8e,Z Neither,Z Neither,train
2f51223025f762669bac44c66933c2604c4cffa9091f6724450067216afa199d,I K,I K (Delayed Rectifier),train
d22493ce0794d29fd75038f498e02075398821bcf02220551492e391b630064b,I H,I H,train
7b6f0789a42a847710a9d37ee6432200a8d4bc1c138815b459bb83e666223b94,I K,I K (A-type),train
d1556492af6ba80bebbd6d5b2bfd40cd6cd436ef4e2039c698288b456a00f587,I Na,I Na (Transient),train
cb825f4c852cd1f5c8855203f6dfc34a658b96ddf4b641ed92f8240f5435c78d,I K,I K (M-type),train
6ac93cad1612291057d174be7daa73a45d8351696959888c3ebba2a655a64ade,I K,I K (Ca-activated),train
a1f3cc2d95f62c4027857646cd99e2ec2d4b90e60fd3b34c45d720b88bbcc6e9,I K,I K (Delayed Rectifier),train
2b2a80a68cce7c14d28337bf663e150639bc0e3e7ac760f10522edbdec623b0f,R GABA,R GABA,train
2ebff0c828b8452be5b82dceb8c3ca5cb9bec8c2a10ee4e69a965b6bac4d03cd,I K,I K (Rare),train
90043d89f6d422d0db4459b6adeb10a5a070f0a4e044aa6e7506109ac2365790,Z Neither,Z Neither,train
7751364cf39107852c3bfc0694c3325b1e0cac991e098160b7496690c0737143,Z Neither,Z Neither,train
a6824a4f8daa769ed68d6254e6d7301a8e15c23c7debcae9fd26055ac5307a34,I K,I K (Rare),train
8bfdc26b6038d6b81b70cb37fb4e6920ef3fb528599143c0b124114e343d37b2,I K,I K (Delayed Rectifier),train
6b97674dd0b5ec7714d94c636f37360d58eb22f1d6f0e09ecd56059291499b0e,I Ca,I Ca (HVA),train
c2d9fa2d4db3460b3e4ba8bf84f7ce270e7b76d4701111bd134e50e2a5f3a899,I Na,I Na (Transient),train
65b73f32d255186964fbaf8ce60b68e75140926b51461f840d1e3caac0ecbe68,Z Neither,Z Neither,train
c09e87584431a385bd5d313d33c564b21fcbd195359eb9fd7c47f176ef04fe88,Z Neither,Z Neither,train
e03e11c0aa5a1387ef304658debd582cd2a3b5356f7b69ade4169486b0dc90b3,Z Neither,Z Neither,train
7b79cbe8e5b42edf8939f9b1d9e4b9eef26526d8c45c41ccce318031068b55ba,I Na,I Na (Transient),train
d9d8b03d6e14d76a650b3a2a51a3e5b274bdc24f011c9a1b5a53ec20d3e7bd37,Z Neither,Z Neither,train
882fff2ed9540685e633b3a0d1eded10ffba19600a55dbd4669c2f3ba864986c,I Ca,I Ca (HVA),train
a7ba3dfccf5eaf5b3d6677faac2b431ee604de2b744428586678cd697ecbaa52,Z Neither,Z Neither,train
720e1c556b6f8f457c8910a66b7594378e3aad2e835b9c36fcab5251ae178a42,I Na,I Na (Transient),train
57599d65d0c1238f5edc7ee6c488c384b68c972ed3f6edfd41f7755bbb4a981b,I K,I K (Ca-activated),train
e9637f2df46df6665809b490628f691208c4ce992983422909eb22f97e82f408,I Ca,I Ca (HVA),train
b529b95bae677df877e889e2684028a1ebde6a2d4a90242f4ea8f82c2c9a58a1,I K,I K (Delayed Rectifier),train
6e2efeabdec6eefcf5d23be8af8e3c84e412ada2f01ecdd5cdfa1aa705fff517,I K,I K (Delayed Rectifier),train
a6b1c02b7af105b17c854ff714184a7da2eac04bd3a4a794da216af6d0d7ea03,I K,I K (Delayed Rectifier),train
e80f3a5ffb1dd080c4372874ab7ca4ab565ebceb840e030ae6eb71beaa2d5534,Z Neither,Z Neither,train
a4d04bdf0d37e7c3052f425d2a912753433175a34e0c36ebcbc0d08f0232147d,I K,I K (A-type),train
56a7ae3c95beb12be0f525545b941cf3026011d8d5d5c594b0445287bcf97cea,I K,I K (A-type),train
61dd69e47ad3b50a763dd2d1929ac10f54192e0790380562b32d9efe58bc9e47,Z Neither,Z Neither,train
d6bfc02694c2a3106dff8e5b327d5fba517c23d6f03ebd016ec2d93f016d5f92,I Ca,I Ca (HVA),train
4e9f637eac015a263e5b9d01d73083c2e5bcc096a117ef1e1d7c792d2cf79b98,R GABA,R GABA,train
d06c87854b90064671500cc9b7de2419cce83fd81e3b35fb94b6b41fbbf7e476,I K,I K (M-type),train
4c43af426b428fbe460896c0e3579b236c61b2c7eafaa4caa221c6e9d35d853b,Z Neither,Z Neither,train
6c300c29d343d701c6d3c4924cde2a1801b8a9b07815d89dd0328258fdfd0fe3,I K,I K (M-type),train
fb515281ba61a98d14c0b5286bff1d4c7e7c13a1199d3709a026151b202e1b4c,I Na,I Na (General),train
9204e57e2462191faaaeb420e3cf63682e1d16de5a1a778da52af6d1a0d44938,Z Neither,Z Neither,train
7864bf4ef65cb1225d739a3783f09b205101f2459de786a6636695cbd3d5bb01,I Other,I Other (Rare),train
cf53b079807fc6711d9563031aae227dd1a73cf5add973fd249463a3f2cf8fba,I K,I K (Ca-activated),train
9605bd40f50a090a606fcd698b70f43984872740ff72e9d22c50dba368c3bdc1,R Glutamate,R Glutamate (AMPA),train
187acfbf06f766304cbcbaf582cc09c232ce3259be49427204997a4629f044ad,I K,I K (M-type),train
a1121489a8ef1bffabced370031d16faeb69653a6b2588353622285e7cc45933,I K,I K (M-type),train
a4b6a74b40c0614526dd5f9ffc13b1af897ca40af3c54f1b9f4aa01c0c374539,I K,I K (A-type),train
8eb4d734fab7de07267a3049d84112f949e19679e750263055e90d5383b3ebf5,I Ca,I Ca (T-type LT),train
1445ed3ff2af6e46578eb3ffba99d803a964c46ec74d99cae2805437ff161d59,I Na,I Na (Transient),train
d0a8246893db3ddb688d0d9af817f887f2cbed225dec1955e97c6b29b9ee088b,I K,I K (M-type),train
3ac41211d787e49f4dedb9b623dfbcce017e71426f6cb2d10edebfeb41846a78,I K,I K (Rare),train
43327fbe68346141f9d0bd040ca204ce8ec84f1d6640f434ecb8d229919b392c,I K,I K (M-type),train
6e512d970f0210d97e296c3716a0acaac24bb1517492641056e77c20f81729a5,I Ca,I Ca (HVA),train
d14580e871fd9eeddb48f42c21b8559db4baa5ef2624de8358f159d2c1f3b736,I K,I K (Rare),train
daa17541ed73fab8b517f6b9db0ca4cfd659f6ae4874881327d9cf887cd23de1,I K,I K (Ca-activated),train
1ed466ba62884c9eb8e614b5d05f27c40b86e9df69f77d3319c39324626d8db4,I K,I K (A-type),train
9c7fee361edd1514bb21e45d1d93e53a66f6d1923e1edc3f035d99d2766416a9,Z Neither,Z Neither,train
290a168495c5a973b9cb116eecc3933c2414c3b1d37109ebff1e21ecf6cf13d1,I K,I K (Rare),train
421c1f23b9a5eca1bc421874f3a635c8e65d30c54337538f246593ab1652f2c9,I Na,I Na (Transient),train
a710aefb19e1b916f53aa66787209610bea5ea0a9483313eb0c45990931c83f2,Z Neither,Z Neither,train
12c00b263e7c02638c19041c6bee678956d00cd04b9854e9b78fab4bbe7b81ab,Z Neither,Z Neither,train
2ddd1a6d367d1335fe0d7c8040814ab9e9b995fb1a9d122828b3280fa97826b0,Z Neither,Z Neither,train
353958b6a829992f9c5216e0c879a23ca3d4ffc319774ecedcbcd56bb9edaa99,R GABA,R GABA,train
baa7dc1a3f66035cecd56b32dd966c043ef37337ff8357bb7f3f71ecdedf3f0f,Z Neither,Z Neither,train
3f2596becdb8bcdca75d87229d88bad2adce0340908b67ae92814140f2f72913,I Ca,I Ca (HVA),train
17cd4197798fc1d0c519169437b5eb0028ce453bda413fef36582e1bae93bc53,Z Neither,Z Neither,train
9435c66bf92e424b06068870b82a9393db59890c8073bcfeb2dabe75379aa18e,I H,I H,train
579635dcf4b27dbe29bc00422713083019413cda144530b6c9372c1bd3ee86d1,I H,I H,train
d881badca50f6bedf4f1256e8a2509859e840a1fbbf170b5f49a7a713279ac30,I Na,I Na (Persistent),train
dd5d518f4e20e7b815dd52e26a891fc6af8edd73c226bde4cf8765b7b74e485b,I K,I K (Rare),train
1869b3d5838a4d6fd3b22970cb00cc7d4d43dd7b867e6004f18efdb5eeb42251,I Other,I Other (Leak),train
0bc08be0d006feda991c15eb9281621209eb30e3d848f3735349ea14e8d37768,Z Neither,Z Neither,train
356aae17df01a2c492485b0599000b7ce66677e662b562b36f18bd6b09f32227,I Na,I Na (Transient),train
b190e27bfc71bdf9a00c7cbf5086e8fa4b5c0bf48c36a905c94d89758ab05a51,Z Neither,Z Neither,train
2ee9ed06c3f7f53d4c4a8f65c4f7ed7c979b810983fa72a1eb14cf4a1fcb15ac,R Glutamate,R Glutamate (NMDA),train
025910eeaa92d979280102258a8f6421a575bae573b211ffee30323c66633ab3,I K,I K (A-type),train
2073b10cfec8d0b1958fd31a5d063fa534f9fc987fe904bd116ad836e8f01339,I Ca,I Ca (T-type LT),train
e4d1cf85799a083c2b6bccbe3b5b8a1f5446d7503f23c274829e5a2850d22eeb,I K,I K (Delayed Rectifier),train
d28891ffe73019c93c603355e7bc3cbe4011fa151f61629c5a0a987fa81daec9,I H,I H,train
6c59cda1bab851dfda8e7d68f09b6cf3c600ab85a6ab6134cc8e0268903a7ed7,I K,I K (A-type),train
e152f92d06acf59056ecbfd54523bd7eb659ba06f34ffbf30e592b85b6178489,I Na,I Na (Transient),train
cbfac24751c2def2a3682683b8f956786e526e26052803731897644695ec1726,R GABA,R GABA,train
c43152685e679c334bd9d249ffb06e52b85ebce95f7fbe59bafb9ca520076854,Z Neither,Z Neither,train
364fc830ce3db1405206fefd8e16824fb921b40ff7229dcdb92ad604fbfc426c,Z Neither,Z Neither,train
93fadb233f0bf5cb6a5249ec5499b562c65713c468f6001bf6082783d06fe771,I Other,I Other (Leak),train
da680d20bdc0fbc6058b3821c49be15c552861cd696b674f081da53e2a078fbc,I Ca,I Ca (T-type LT),train
bac672fecf050f2c205bd49ac1c34362c9da202f8dcbb0166e300476756adcc8,I K,I K (Delayed Rectifier),train
cbcfc426b037e7f562860b731d3dd0aefbfa7bbc68f6abe0e1ccb694ac327409,I K,I K (A-type),train
a704537cb49c8478745df134488aec923614b02d0b8c484f2ccafd6c49ee7f58,I K,I K (Delayed Rectifier),train
bb0293ed247f466b5003c2c458ced2635cdcc889e9cacc3afe595d951aada66a,R GABA,R GABA,train
8119ef0222be6c83be4fc588a282ce6c446feab6b41bc761470140ae5d1de852,R Glutamate,R Glutamate (AMPA),train
527497d382f0aea72624a403f3c432bb5e6d88d61f290f2b1da2ee3832098c84,I K,I K (A-type),train
b40f05fe6e99754178b5a58d14f5349ccb3ae75afd10e03e778da2087c8b5004,I K,I K (Ca-activated),train
3e1eaad4c6089ea226b14afc4cd72bfe1d1d48ebd3ecca7ac26154ee3dc3bd44,Z Neither,Z Neither,train
9ff3662781461ebeb2921525cf54ed706937e8a9da411126d4dfc400aa6fb1d0,I K,I K (Ca-activated),train
4896d3bbf45346874d98eddaf3326ead589a48e2bef755c9c4830a11bb2beea7,I K,I K (M-type),train
5765c61aa7530e8b6a4b9eac48e53720ab9ed5e3c034d7464eb4b5ffc5c2471e,I Ca,I Ca (T-type LT),train
4cc6a5a7d1d798d571e8138711f06c03b8ec183c55efe0b0175a962f29535837,I K,I K (Ca-activated),train
26c1fc98d2206fb82ac3281359db4abde9ef73427b6b961f70c348b4da5bd874,I K,I K (Ca-activated),train
5895696ef1a73b092bc340984145d5b9a3329ca7efead11f4db664f9e78cec6d,Z Neither,Z Neither,train
89dbb14bf45c11851f4df59de4f13546ef6458337b0334cc19eefe35d3492cd1,Z Neither,Z Neither,train
2da8d308a85de3499a0c10f31939d1a2e80f6dc1c80feb6ef479b52211a2ea40,Z Neither,Z Neither,train
6bc782752c1bc244e268bfd48afc4bbe48017ac7298639f69d54dc5fb572c570,R Glutamate,R Glutamate (NMDA),train
1cd17003c3c6157f35b36e4d79c4407f56657de3a11c9816a8d811e05e4cf887,I K,I K (Delayed Rectifier),train
55e57d745221229394c3b22845c215e4a076ecbc137b2d394ed6d8a00ecabd64,R Glutamate,R Glutamate (AMPA),train
013c1f863085cfd7c725c573d7dc8aedd49003ffa6cbec2f7ac012e13a38a94d,I K,I K (Ca-activated),train
9ff03eae3bcd1e6e10b98a13d97ef1a11fbf7fe59486986c76381ca548eb8e1e,I Ca,I Ca (HVA),train
5e232bf288d52559b8d78fd74ebd6b056ae3b0dbde893cf2174460a9840b8637,I K,I K (M-type),train
154e298eabd0beaeb31df3e46e3ce6225036184054edbad11e605cd9e7e8c7ce,I Na,I Na (General),train
28a06a3f8119f12fb3d685a6d291b6c7a3d45d3ec6f9277e40a41b3f38bd8b5e,I K,I K (Rare),train
9d9df3bbf7236fc14dc7be5c94e49ae802c6baab52e90561a98eac1f513ff868,I K,I K (Ca-activated),train
d0643a1004ce6cc513029450d1e40356d5c426fcc2e6c07c5b9a85cc3268083f,I K,I K (M-type),train
2529567f79bd53e2ac693d42b7dc10768d53b7993079038ac110cfa25f6df429,I Na,I Na (Transient),train
ab7f23c251a0c0c8fbe36ea34c390cab5e62b47c44ddb7a5783b11bfaa6f4a19,I H,I H,train
77f3519d00124c81fca248583eb983847cfd979633a213bb9314b90d55a78a60,I Ca,I Ca (HVA),train
24ae4a986b463edc387f96e71052f6001aa0643153d4b034edad806bcd332144,I K,I K (Ca-activated),train
a25a21cb7cb7ab36d05132d0cfa019f119ddd852343e8e93c06143c6fd5583c2,I Na,I Na (Transient),train
5ab3a41f600df73d8128a8436881d297473e7e348bdfbd3f507b16b354a2eaef,I K,I K (A-type),train
e98f6c4a3598a7cb5e0e9d47d9605d97a8e047b40c6d121d5a7c2fce9d27ce58,I K,I K (Delayed Rectifier),train
af2a62951dba0127d13b4f0053c25351e629f3e7ca053f3120f55eadd1224c86,I Ca,I Ca (T-type LT),train
5629891fa2f73a85806fc8a101d03228eed60d8089cb7bf0d3c96e6f0fdb86bd,I K,I K (Delayed Rectifier),train
8ea96f976f71d1ebd62fad83e539633b699bc3fd5618e6257d916dabafa8ca07,R Glutamate,R Glutamate (NMDA),train
10fef9b58ecf8bf0d584d86797df9c39fd03e165a279a6aa46665f2322a32438,I Other,I Other (Leak),train
d54bb6ad4b60db0da5b90e65065d05e7bfd105f36f0c7d930affb84a8338a447,I K,I K (A-type),train
dd800afa3b032ce375c329fa2e7a9f1daef9954ba99234dd9ff73425edcd39b8,Z Neither,Z Neither,train
df1bfde6e7ac003720e6df1b277a822ea1b871b02eecb8fb4835934b7be49da9,I Na,I Na (Transient),train
6bc5624c795c2680b1974af19441e5a134ab071c7c0ddf46a24d47a0a4918998,Z Neither,Z Neither,train
7746acc6ad75fcdfbb486ef083fdb8bcd7a67b1795ed6182c5f3a18130e6535f,Z Neither,Z Neither,train
114e05406a32fd5cf0a425809116fbd9eef983a18ef14261eda7b8c3578b5df3,Z Neither,Z Neither,train
21edcbfdc1b7fcefbfa04a5873ed52ad0b80ca1c006d801b3c929dd69921ec6d,I K,I K (Ca-activated),train
9fca7e8dc63b9abd719e5edf44a9edefca46eaefd914744e48152f7453acd023,I Ca,I Ca (HVA),train
ffad6ff57e2db54c08830fe61430052a2a869bd5a235091314ceba4b3309d34d,I Na,I Na (Transient),train
738b2e784a5c032633d7459661573d66e62a7b371515ddaba3099924b0f43a00,I Na,I Na (Transient),train
3a5e59d29db67453a6ecd98a60752e8bb87f9bec0a0f615bb50cdf5f552944d3,I H,I H,train
ce9fd70f6e90e98f68829ecb648d19a0e0e8ef15b194c7d005bf2be4cf0a91ef,I Ca,I Ca (HVA),train
0723aec70bceb844e88dba3f367be66ca987368fb6fc77bfcfd8a4f5fc80f51c,Z Neither,Z Neither,train
5a9b483699b88826547165e666c60ab4bfbf0b9cf3eae290775604c6c51d1fc9,I K,I K (A-type),train
9f010d20c435fbdf374db68950a130265ba7303666d767b0371e8b3f2f7977f6,I H,I H,train
44595969bc48dd0b0e8b255cfba4b23e1c480e0f8ccdc2bade296fd0b23a07a4,I K,I K (Ca-activated),train
50685e14f1afda9865a61e2378f2031c2d5dbd889e21b12ce29b584b9005c561,Z Neither,Z Neither,train
f860df958aa06559ca60a29cb71418056fb71172c5464075895d102bc63b4689,I Na,I Na (Transient),train
ea84bc62d70a593de0f712468ce334e93631068d7a05d6cdc504576e058062b5,I K,I K (Ca-activated),train
20a93bf634385aa1970a439d92c7d9a544d0accd83685fed98f765930b1127c9,I Ca,I Ca (HVA),train
3996a435b7cace665639d500412b9182f002a200144fc016c09f0d4a40f91a62,I H,I H,train
d9a29d6354ede9a99ef0a1ffee46b8f452989872db20ba211b0ec3b3453d73bf,Z Neither,Z Neither,train
a8f449da2d03d1f812909c79ba27ae47a3b542794f4cedfb2a988251f5e06b04,I K,I K (A-type),train
4d13d3d9a67c14a7eb233da7cf0ac070432fe6e595a74de87d0a747f4413d96a,Z Neither,Z Neither,train
6b904252d2cd2e8cffa9cbc568a22a418d414ff610684eee1c9ce5859d2c923f,Z Neither,Z Neither,train
24c80386c55da549532b5cb03ab735f76fdbe7807203ca04dbe9a39781c5e049,R Glutamate,R Glutamate (NMDA),train
1935c4a379641265215ac9e4f2e7e4c8f2f6abd5de6374721c302245033a4776,I H,I H,train
63afd6c60df6bd4ee8985aee3e25ecd98f86d8e18e46b40a01ecc655d33c4e28,I Other,I Other (Rare),train
1393bb2d0e32055559ceb1656229dcab9a837c61100bb0346733ec6cb4d05820,Z Neither,Z Neither,train
2554ee93ca37769bced68118b142e6d4360c7775989282083a772dcad7fe22b4,Z Neither,Z Neither,train
9c4f6f7a24fecca13895df07df6db72c6ce269ff5b080157a7ceed56e5c52ccf,R Glutamate,R Glutamate (AMPA),train
e5936cafbf5acbd94c0b0b8f85a19f97bdff54620452435e61209dfbee24e0fb,Z Neither,Z Neither,train
7956137d31f76eee12d884bcb1e3c7f8400d03e687ac6b896bdc14f5f8e07732,I K,I K (Ca-activated),train
fb0f1d4adbed6a54b1321cc9e252820c38ac287a7c752101e2190ca441192b9a,Z Neither,Z Neither,train
2f92ccf60b521b803fd264faec0e7a5c2615faf09d0f950271d1e449cc6bc9cc,I K,I K (A-type),train
e34df27c53a78f86f05d05868a51221ff3da287f60a73d850a4506b3fefa9ec9,I K,I K (A-type),train
eaa2b487d69781a92be0b85af13037f3f0036f94971a4cfee8687766a457c1b6,Z Neither,Z Neither,train
a11375880254f524c079302142488f90c4d79b6f46f0ad7e4f1344bdb2deb2b3,Z Neither,Z Neither,train
5ddffc37493309840e0a878846c08322c15a2aad5f992e8f9dcceeb594b30ec7,I Other,I Other (Leak),train
25035500e5a967b8ad6a73cea9caf958c3a244ae731e22ad54c8f5ef44889a5c,I K,I K (Ca-activated),train
8da44b0bca12895b84f678d6c131cf15ede4c9e3f13b87a98a4bdc8790b2e742,I K,I K (Rare),train
d497262b552400255be31065e838a6aafaa3b4a1d3339a15e1d1454ae7fd0c24,R GABA,R GABA,train
ab16fa9433f326fa6012fc5f6436f2e2508d5352f324a26ce04196025c08317c,I K,I K (A-type),train
db2dd418da48195d3e14636d976ddd029e5fa0bbdff4b31ad3277b8b55d35b16,I K,I K (A-type),train
37c6d0e1eb288a3358b9e9fd2983663a5cccb502c5f5b63e030504f26d323c19,Z Neither,Z Neither,train
1eb247fcd7ffcd3bf8f32510aba030703cdb5ea190636e56c15955ecc8f53e18,Z Neither,Z Neither,train
dc83a3d45fef821ee232af7507e9882610e914f49192e03c0145d0d79ece4336,I K,I K (Delayed Rectifier),train
627cd0389cbab35d72d19e651a0c0dbe5ed75fd44bc1a5cefa9c182c9ae10c74,R Glutamate,R Glutamate (AMPA),train
9791674acab916f81661cca762c2f09e1d0dbb075538e90cdfd3e59ed678e3d9,R Glutamate,R Glutamate (NMDA),train
774c179c32cd37b0cdc1f860263e145e47755e87f268fa1bff85f1578c0cc47d,I Ca,I Ca (HVA),train
12455c43de71fc749ed96cb7f81e10883e623091081d0746acd21ff6db865902,I K,I K (A-type),train
b404305ba38504f63888c0060ca9d29414f13bc6a348af328f1e75bbdbec294c,I K,I K (M-type),train
73efd6a67f1ac3768ba17d96c56e18f2d2e169ec02c8a6b17ea1779868eb73e8,Z Neither,Z Neither,train
5f14b81ab95ca895942fb4d6f73016189359e1fd60d3863a254ee1b5dcf7b02f,I Other,I Other (Leak),train
9dca959824d792d8e95dcbd59b65df5dd0752b12ac344c3a864dc2556049ea89,Z Neither,Z Neither,train
e44e46a9b67043207d9717707b237abed8faecfa50785c17237d236a7aff1adf,Z Neither,Z Neither,train
71b6a36d448490c85d4ff96569ed58011648ddacb9713bc2796c0f9dfacee1a0,I K,I K (Ca-activated),train
27ca9bfda5bf3ded8329dc24bb872625d755a7e96faa069dd816e79470de5c4a,Z Neither,Z Neither,train
47a76033b8a703afdd10fca84121607f45ec092ade1cd830a41f630a9fd20838,I K,I K (M-type),train
513ddf1a61e85b2ce1f91e52b90f570d4c169c727bc1fb02bc6fb61439f85eab,Z Neither,Z Neither,train
55a9eb2be2367ff045e9e1c0fd12f38fcd5d9af1376388c0e614e4a4378e2638,R Glutamate,R Glutamate (AMPA),train
9759b6034200faa216af26ef84b8ee100bb82e5c4c0ba470e048c5fccef6d2e4,R Glutamate,R Glutamate (NMDA),train
ca8a784b0a96367a7c686c9cf79753aafcf9d50d561943924aac5bed6a4fc520,I Ca,I Ca (HVA),train
fb3d8317106fd85edf4b5705543870f5a02e472ed85918dcfcd939e6d70c1fdf,I Ca,I Ca (HVA),train
112ed1730fafa3e6783bb9a5f5af929d23301c4c3898b95fe77dbbc0ed161862,I Ca,I Ca (T-type LT),train
8ff509df259b4241bd4f893f3ab8dc3d829a1e52be6c8c57c2cc998ab8f53a64,I K,I K (Delayed Rectifier),train
c13b27255b5879cef1141297332b7bcff9bc1559f2649ef49bd63c3aa0af476f,Z Neither,Z Neither,train
4aeed93f2b58bf8d8eabd445ecb316717c506a2fc4878924c15da5fa82ba04e6,Z Neither,Z Neither,train
97cc39424aa56280b36df49b4cb38fc28e7d9df6713004edb54b43c36d7053c7,I K,I K (Delayed Rectifier),train
39b13ee611dbce3e82ded10946f7415a9224d6673429778a57f71fb88e1bd6cd,Z Neither,Z Neither,train
6eadd2bad31fac9feff176f6a5803ebb486afe67001730df143d73cd941da18c,I K,I K (Rare),train
1cb288b6b10521eb86bf8a33c0eedc8ffa962f714c9845465b379389e1841e45,R Glutamate,R Glutamate (NMDA),train
8c4688d511a3b611671e0dc7a9a45b67081ec90e508b38f193a1c27fb108b4f7,I Ca,I Ca (HVA),train
015dd60e15842576ce3a07cac27b6d984dd206d3eb187157034e1eebc3aedb18,I K,I K (Rare),train
f93e2a97461e26fd22b4a0306da98ccdcc65858623a3363ba97a5b375d248ff0,I K,I K (Delayed Rectifier),train
f636d4d54e7e97110b642fb8f58feee8381349dd74019ab28a5989e03c3260b9,Z Neither,Z Neither,train
b70580781d6dd54351d09166ecf6cb9d22a1e651b3fd05dc9379e654fc1ceae2,I Na,I Na (Transient),train
d6548a61efea8633d3f1d9756049c004a657914b492768977683572089acd555,Z Neither,Z Neither,train
29d7f6ed24770fe8c7974d3262dff278e3594c2c685b0bd156543bc8e8a2dece,I K,I K (Rare),train
4378d9c8d89362f1152e65e685ac8581bfcba4668c1e6a0e40b06bf5cf16b2e6,Z Neither,Z Neither,train
005b1d6bb412cba09e56927d56ff1386389d027f81abeb6ae94934f71c21a474,I K,I K (Ca-activated),train
75e5ac8edc981ecb891a4d051867e9317dc5c7736acab3b9b7a3ce90344519a6,I K,I K (A-type),train
1d5e23e1de9db50e45ffcf19e5cb4aa1e2f92144d52d0e540c0789bed9cd8ed5,I Ca,I Ca (T-type LT),train
c7dd366d578459c358936d104ad6d3d1252ffc81e044207d701de2c3cac25b14,I K,I K (Delayed Rectifier),train
10bceb4b8eddc67187dc443dffd5458371258135295d28015925c3b1e77ac1b6,R Glutamate,R Glutamate (AMPA),train
15c44e5dec1f6decbd5f3796c63c52372996f85c5fb9c58de8935ab8b3a16229,I K,I K (M-type),train
519096fdce4d6790fb9b9acb85a5a4ee06059b775c567d4dc9823b89aa19e106,I Na,I Na (Transient),train
416d0892df82f280f59f13eb47b8ca53caa4b7998bf64a53026ed4c549d840af,I K,I K (Ca-activated),train
0c45dc2f28432ff8bfc6cabac9819029179c0bee85e74e3585d0635bb945d3ae,R GABA,R GABA,train
39d97e14220be3e94144c169a88a90a4c2a14663c1709557120d0e6bb6d0e409,I K,I K (M-type),train
3b3c2ca8b6adabaf40d900d1da89621d5267df5062c5c5dfc3684b4d2711754f,I Ca,I Ca (HVA),train
3d81c69104a2de304afcbd7fe7696eb82bd7e67b9e135779290a64a41d156650,Z Neither,Z Neither,train
403ad179b5f23016b170ad57634bd00d50e7fb6ba7fa8c4886ac43ed792f4753,I K,I K (Delayed Rectifier),train
0f6fb933937856177d9919b9f529dfa4614a78901c68fad8a99a96b9bb239ba8,I K,I K (A-type),train
a6ba55b411a55bad7e532249ba28516f44e70acae7541fb493dbf57f19a9dcf7,R Glutamate,R Glutamate (NMDA),train
f7e942b39021796ed8356de60e66bb3b4801c21945e8b0b7bc0213235ab69c9f,I H,I H,train
49df3577d118cd192a00d843f8342a6d14a43a0e8394c7419ccf649abb298336,I Na,I Na (Transient),train
6d969ce2b019e17540741675670f7278824538d4ac90efca8700e47c8505a84f,I K,I K (A-type),train
72737f1efe5c78d74959aaeadde16db4c0efe931fb0aef16d3ea28ef077edccf,Z Neither,Z Neither,train
fba52ea9d3078b3840b7bbfb84dd6fe0ab92e8b3308205d130bebda97d46e959,I Na,I Na (General),train
a31fe5e94b88a84c04105c2e2c97516540b439770a0702cdf2099b5ee32bb3a4,I Ca,I Ca (HVA),train
7e7460c3d2900de725ace9f01fa9d8e6332959dec16d28ac065fb99723a5ddb8,Z Neither,Z Neither,train
586121011312b02f59a6cdbfb20e9ac04a129aae31e5d15ddc988a5bb87321c1,Z Neither,Z Neither,train
b75852d4a3247b68a53967bd932e27137f6f9e0e797561726fb5ad9776349ee1,I Na,I Na (Transient),train
fd64670ad2a72c9f8c156f61b563a39413c3c0475547bea081fa90f652e23c09,R Glutamate,R Glutamate (AMPA),train
a62a0f396cd8bf6c5cfa05709451ef8fe316bcf3d8d1bd7612df3368bea9a5ae,I K,I K (Ca-activated),train
4ef920be6e5178c102f1b76d811a7868a5444b30602fc64dd61689cb3cc2773e,Z Neither,Z Neither,train
ed87e94223dec25e43020f389207c0e362361efd05f3b0d7194912dda25be6e6,I Na,I Na (Transient),train
60bcdf1d2a41391aad4d44056da0b0463104aaedf255da92480474712a3a709d,I Other,I Other (Rare),train
fa88dbb26ecd4c9267fca1370a3be3938ae3f6bc0a305939c52116a5d05e7806,I H,I H,train
888447001b679e9195e04cc95b67888a329d40cdd8ea701af9280803e24534dd,I K,I K (A-type),train
2a759681791e329a713e7a2f939c0a31c21af5b4015056d17436a44db6c4c7fa,Z Neither,Z Neither,train
b9649c41844bcfe953ae41702b70b74e97b0ed5f296693b4d1ad806371616d80,Z Neither,Z Neither,train
3fb039ac47d8004f4d9da9bc3da43bf89ce3e9c632e87d48f55a569276610e81,I H,I H,train
d268ab4232297587fb21196e3f89c1f8b516f019277d72940c572f55acb66da0,R GABA,R GABA,train
b3ac7136ca011913167c5c84d7ae1726e7c4b2340d13c65364bf21ecd9fe137a,I H,I H,train
806ac593b3defd05cb5ed8d7b683ca73b996e60b001f973a91a8613019e2adf0,I K,I K (Delayed Rectifier),train
e0cec844a6bf27f953e00f695d4c23c1d1b84a4debb70b2aa2f07e2bd75a764d,I H,I H,train
f448d1ca78313be30a678064b9dd8db4560bd4fb789ed89e8e5fda977607cab2,I H,I H,train
bf14803efcbdcb687fc3154ba9e6c1213d3c229b9a2ed5437fcb51e0d28fc36c,I Ca,I Ca (HVA),train
c749e9bb8ed0c63fca76f13537e909a92b95eb768bd00b159eb03539b95ae074,I H,I H,train
967f011406f818a7f74721eeb8f1dde1295db3322ac509c5ed6ff7e75861cb12,R GABA,R GABA,train
009c5ef10778371f25f95c9ad812c6f628c8f2a7bd7f0638d151bce8c9b4ec06,R Glutamate,R Glutamate (NMDA),train
cf521ec6cc3b9bea630a70f503c032e0abc9b1b1a73e6388e88c05634bab5a19,I K,I K (Rare),train
f8be35d0c20d1b1f3de4c44323e1780ee24f06893b6364efc092f38dc8b33959,I Na,I Na (Persistent),train
5b848086bf38e80926e82111214426a7161d6de1650266a76c51052e137d5a73,I K,I K (Delayed Rectifier),train
440100d4a4128d37acec05644833452979f4b7c3c63017a37ea2346a5124c516,I K,I K (A-type),train
e26a3ad1ab8fff635f990851e1afb21bd819d8f5376d1a182f164c6cc2ea5e96,I K,I K (A-type),train
452fd80c3904dc00bc7218f255e0049183829474fc4aa2164dd8b2cd94179f33,R GABA,R GABA,train
0d03ed905639ba7982b04cf68c246c8412ae06ac44f09a8f30212858493f1200,I K,I K (Delayed Rectifier),train
cdb78faa18f3561e234371d23e401171c73a6ceae91a31b7a612914b169e5731,I K,I K (Delayed Rectifier),train
de2771a4cb169db8361437446863619b0d4750139580427bfa10ee53ea720156,I K,I K (A-type),train
3c416948af370e9673ee4a0c0df4c02b6ec9ab75abef3543a72b7147122f2e9c,I Na,I Na (General),train
75e5fd935d96311981e9732da5233b6f112b2999993db29703ada9cd69573f4a,Z Neither,Z Neither,train
624c70a5dce0d6b022cafd12779e60724c305cb8e7e1a52024bfeb72a9df2d1b,R Glutamate,R Glutamate (NMDA),train
45bd177b5a1f5ac8c6f492976353c7905ef9b30e5503221723eeae68d9aff049,I Ca,I Ca (HVA),train
ca5e5f8faecca87b29913e79c071afdca63da139a514f22c41a4cb63b3e62a44,I K,I K (Ca-activated),train
6c476a888047e8864d3afc9b0e9db31d7f20186d09a43ff5d4e80b8a2825880e,Z Neither,Z Neither,train
ef74f1b18703155c65934463d95c784c271ddfe39f5d9657665d8e511f2ed0fc,I Ca,I Ca (T-type LT),train
a7947322212f7a1dc9065a7d188bf2358a0f46c6690100b938ab2cf58c7d8c91,Z Neither,Z Neither,train
297fc1dc26d5977cc75298b86944c8ccf3f5bb57b13a92499aaf1be492344bbc,I K,I K (Ca-activated),train
b613515bca81689778205384113ba2bc90425b464a87711d02486833771504f2,I Na,I Na (Transient),train
4db5ec9333b56919966180d85ba5f4a21fec562fcf2131ca3e8510a1af22b46c,I Na,I Na (Transient),train
e06f02753f614f83e0266b7ce68edda4dce248b37a72e9b83fffba8a6380a265,R Glutamate,R Glutamate (AMPA),train
b4ba0efe0a844c6cf47da8a4657b1be1cd1b8b1a0b2b1e041c8701d3647f4476,I K,I K (A-type),train
cfc8f6e4c05730ee0a118a584a6d95eacd4efff9f980fb653ba4f094d25e5039,I Na,I Na (Transient),train
d4e62b68cd7e167d10fa37ff887f07ef3432e2abed1fdf963437d12facc4d94d,I Other,I Other (Rare),train
3356b4acaaab3508e43d431e637c5f9bb32c5a39959d65e1163ba20b8bb0c03a,I Ca,I Ca (HVA),train
2a4c93a0a757a190870d538a3b3e37dabff0fade5b2ee045147780e6fe07b436,Z Neither,Z Neither,train
698d812525be1dede73d3bec4c07acde285c5208b9dae1216977d14ec7fce091,I K,I K (A-type),train
0be5d52520b4e074a420d66e846bb72c16d36d53cbabd50801ec9218a6ba7da5,I Ca,I Ca (HVA),train
636b4f402b076e34445e5767544a3328d1ea792da09fd97052fd8782282934a0,I Na,I Na (Transient),train
7d6642f1e726dbe9228228643cd335f87db6d31b1e5822cfd3b26eb812e7287f,I K,I K (Rare),train
af699e94aeb2d33f59b9f42ee85cba91b007edd48f49254d589868222144798b,R Glutamate,R Glutamate (NMDA),train
feb4c8a23a05027042a1af6f00e0f2f84e3a90c26c04091fa860a89b7720bf29,R Glutamate,R Glutamate (AMPA),train
7beead7d05b2353090b78cebbce97e8b9662f1a0e75bad0e72d07da95cf40b9f,R Glutamate,R Glutamate (AMPA),train
5cc03c1385abb21c08b085ee328998c3ef29fb76b3407f4f68ffe55850bb2f6b,I Ca,I Ca (HVA),train
65b6938ba5be8c8b2824f313d14826a1a69e4dede63557add933c69924112e98,Z Neither,Z Neither,train
7cd3a39c6a870b06a724ee3afbacee5f7c2ba035abbe7a018406a824457c5030,I K,I K (A-type),train
1e37d8c9dd41c3d75bf59451a3877b98c3d35066d1b154e4f7c59ee0efdc3c28,Z Neither,Z Neither,train
26b7dc6eb5cdb276b5e7986023ced75e27a5e1e425df8cf87a73a9fe2cf2cb2d,I K,I K (Rare),train
4ede617a0757222db18b8bcc236b059de3c556b279bd78c1f19799db442084c4,I H,I H,train
017624eb0d5ee0de6196f551ace47bb6de31a18d3cf9cdd3d32c1e1b0f10cd13,I K,I K (Delayed Rectifier),train
24dbb29bd3ab10bc88a77008cfdb0a833f0d69faee5a44c51ff4f06cab7b178a,I K,I K (A-type),train
2e68b5da837739be5ebc212061514ca69cf0f87ca818ae73c158afeae316b126,Z Neither,Z Neither,train
7ecfd158ffe8d25595e0737adffdd791f4d7e3a18c592704987fdf20cc962cc6,R Glutamate,R Glutamate (AMPA),train
ff557ad51d0ff0fe1c84e0e6e4932d46fb87fa57beef02d703d045aee2f1336a,I K,I K (Ca-activated),train
b4da8af3d4473e892135846d1218a4498cb944b7be1b7a9d6cf49bee5b6c6826,Z Neither,Z Neither,train
bb3423e0dd0807606fb68954ad8a0f159177a9bada5e2e42cff1cedfb25a9839,I H,I H,train
fa2cdf247f5b980b4d1a0c59096d48e2587ab74c5ab9b1d850c54fe19af778bb,I Na,I Na (Transient),train
2370a821a169c48d70a1ef2a466e381ec3f27a432657e5f8542c6dbdb58c6750,I K,I K (Delayed Rectifier),train
2a045597bfa01c67ff1aacf67d988a4a757e30e9c978f6d6ed1a06322562253e,I Na,I Na (General),train
06cb2500f8159fcd8bd4ef51ca14e56ae435cbd7d1c5ab3134d3b5a9f94aa3d2,Z Neither,Z Neither,train
a8135f755251dada889e65da4f271efdbb0cf998fbcbbf0f20f947299a096a8b,I K,I K (M-type),train
b77d58891e17d414f91854dcb0be8688ffbacdcafdd673db9266663e0f5293a0,I K,I K (A-type),train
81b2e134c367b00016bd46222c6e0b2bb7ffbd269487b3af343e7c077285d429,I K,I K (Ca-activated),train
49786cb42f51c10c434dd06e34f157ff9134b5c8758ad5db274772ab8acd7d30,R GABA,R GABA,train
492eddbcc7af0b68c9cf256e7c3eabdd94c2f51684e93a66af10f216b195d78f,Z Neither,Z Neither,train
f90eed8e5abdc260388e026572b2ca46e58b6acbd0c2a71a1f8ca47d1785ee69,I K,I K (Ca-activated),train
8333951e3c8cfcdce8280619f68f74a8e8de4db350204b80479f24d7fc38c06e,I Na,I Na (Persistent),train
54597939c02fc4f06613037306099503e8ed8bee06865ad53501185021bd8624,Z Neither,Z Neither,train
dbb7284f3fd5cb786cb7b5a71c9046d11dfea1dd134c31045daf476476a795a0,Z Neither,Z Neither,train
80e272a2d0295aadf596effafa101b10a13670136b22bf516add96017f6554e5,I Na,I Na (Transient),train
79b9424f34cfe74c9560499cae5cd33226bb8f5acd0d4968fc301202637b28a1,Z Neither,Z Neither,train
7df02b37edf496e0369c546b3225c40c58147ae77b6006e3b1cea3f35242ed73,I Na,I Na (Transient),train
60bf6260d8da18a36726dcc2804d44b669ceec77c133736ab2345d665684b1d4,I K,I K (A-type),train
2c8888ea83faac34684e0915f71bc3d1a5e5a923699f8b0ecec599f892c7eae9,I K,I K (M-type),train
a3f8b1e6f723defc3c92b128ce3adfd6387728d61161d7ee0620c59521f9e7a4,R Glutamate,R Glutamate (NMDA),train
8aa519f36e12939ab5578eee3bb70f288d2048998ff4a9a134234a6508e4a1d1,I K,I K (A-type),train
413450694c182cab9c219322a2005329f01cfa6f4d7737047e79d39366a35e88,I K,I K (Ca-activated),train
3d746f710fc8d0b06be3d8c0771ab280046d57d60ddc45b65b0dc4328f788df0,I Na,I Na (General),train
da7b245c6c96064c4052f533cf8bd2db469ec3b95a6d32732ef02d9a71a1b517,R GABA,R GABA,train
0ab4327b0fe4991f9f4f709ff1bedc68f2b9f1c33885e9b86a481ab9c8011871,I K,I K (Delayed Rectifier),train
a40e913082a20ee048db015e89a68277460b286428b0652a86d80abb58f50ded,I K,I K (Rare),train
e6f30c1ab81877b31798b702f77122d0d20ffc2904976c813ae7181a37ed765e,I Ca,I Ca (T-type LT),train
bc6635fd20ead6459a1a9a3b521dbdfc7bed2f1b738cc61ea090bb0fd69da09a,R Glutamate,R Glutamate (NMDA),train
fb858adc4275c9f32978476ecb3c0360dbbdf277c2a2afc7f7e5c671093c8d1e,I H,I H,train
787bd931629382fa361b7b2195b423cda5a57ee55860307771a6fa189d384afb,Z Neither,Z Neither,train
dbc122b92a0843f4d93c987ac6c03b4866cb18f3362102d04ce734269923fed6,I H,I H,train
b110c7f6605311eb54ca9d0d27a2974cb537122b637fc73aec318ece49a666b4,R Glutamate,R Glutamate (AMPA),train
36cee8636e3c437caca8a2747df1c4184a4ac005d5955b19503f3babd0b6349b,I Ca,I Ca (HVA),train
4e3f8b76527532d56c76025e03c24814158dc0396cce61bda61f42becabd3fe8,I K,I K (A-type),train
45fdf7e7a2b91819335dc2f0e5b4998d3774d1e5d9e0269b7053d35f9677a17d,I Na,I Na (Persistent),train
43cdc726cbc3bc20eb08263de0028f8bfba35edba720ebe0b9166e61f4777e46,Z Neither,Z Neither,train
61b357c75d647d66dd82dc777f7c79140f89598be6d739fd4fe12a3f8649cef9,I K,I K (Delayed Rectifier),train
71ba0d4edf80622a8accfc38ac939b434d19c9c78f506f6b7628e76a56969dbd,I K,I K (Ca-activated),train
3d11ba3d209cf8a7d8b8154b747c00e0098334558629d2fe3d4303533cb3ec26,Z Neither,Z Neither,train
f2bdfb7152f6cbfaff5ed2338a964c1fa73e532dd40e15dbbf56cc4921ed293f,Z Neither,Z Neither,train
d941eca2664a8852bebbd50e3ae8d7fa3da9cf7275309de792820c8761be1b91,R Glutamate,R Glutamate (NMDA),train
bc7ce2e630421660f6b0f413188e46749d26f0a870e52e815e36afb2d709aa9f,I K,I K (A-type),train
a0077c338a209329665de45f17c99dbc301f51ca78a4c2ce0175a0e10ff5ab8f,Z Neither,Z Neither,train
ba7e9a4ed60dbe3e479e3686ccf69d6c4fefbfdd4395f4b649f1ff09f7a34a20,Z Neither,Z Neither,train
6c27633fce64e5c8c36038b5d1d72376f4e04abcea8990d7af1929cc7e5dba63,R Glutamate,R Glutamate (AMPA),train
5f9a0bf67ee4e7a1e057bae5bde2798a0a0e800837ef42ad380e90528e42c077,I Na,I Na (Persistent),train
82d9f3b3a286948b13d994708097f682754165ec2991abb29f83ebdecf1d17d5,I K,I K (A-type),train
35f346050c086f2c5d021000e415d96016aa9763edf5338042cb9a6862f6cca9,Z Neither,Z Neither,train
6438083b49008c1f6408f62a7e13e84c4bd44e2bd95d47a7ba2d19a84cb3620b,Z Neither,Z Neither,train
70a623eeec0bea37e17dc749b50c8ace3e163148ecdc262de26991e09d1587a6,I K,I K (Ca-activated),train
be0da2b4c19f6b262d41d374a8079314fd729345fc75b773104a09b58221e724,I K,I K (Delayed Rectifier),train
bba6529126b4fcb09e495c2b5b47ae79e0e4275e143bd49ceb9d76a3095b30ef,Z Neither,Z Neither,train
e09b1f3ce63809658cbf99bbf72c145dc191bf9e1216eb36b017b91d9801357e,I K,I K (Ca-activated),train
5f72ddf40492af116844f6dd055c728aa1ec7bf741165c27b7a25884004427bc,I Na,I Na (Transient),train
8f16d56c4a99e4c99511a4860648b714025170d59afa9a87e056c3cf43a2d3fc,I Ca,I Ca (HVA),train
449178f7255faf24aae307d3f705b453c5a835df540428c0bfb65d0e4e3116dd,I Na,I Na (Transient),train
cb83ded70ff5271c4576407886f915ca5fb050e34d5318f4707d32f71b3bf3e6,R Glutamate,R Glutamate (NMDA),train
4375ed0f480cbe4572e4b30abcffe052bed63a65aa0265ba3ce6f4ee7881aaeb,Z Neither,Z Neither,train
6c1ca888f0643f169a74cca18f764014fe2e4695f7375116c94e0ef8355a6699,R GABA,R GABA,train
cd60ff43af374426c084f953ae2586741198391ef2fbb0bab4f138f96f029590,I K,I K (A-type),train
a739335f755e16cf3237144c57f21eecf70b2c7909c418459a463714b963242c,I K,I K (A-type),train
a9be8f27094db233382d6fbff99e9bedf102c671913cbdc96eb90c8a584cc322,I K,I K (A-type),train
886bc38201496c045dc35b8c3e71de6e73278c1906d303d1b0604dc4594923d2,I Na,I Na (Transient),train
75d904ed6b715f3e8ac96461a0d2d179989f3fe861907f23de97d9457f6c45a1,I K,I K (Rare),train
8b3499b32e6f0869e008de7d811342f96c341c5125175dc529d0ea927c10d291,Z Neither,Z Neither,train
b0240d68068bee0b2fa8db9ecdbf8678eddb2ed6fa5eace159336a5a33b3c7f6,I K,I K (Delayed Rectifier),train
2ff06e07c3acd96ed461e83652ea2e78794c5e5743110e7fef0e15238fe87f16,I Na,I Na (Transient),train
3a89e619598b3836529c85a992aca538477aee21d505149144bb864f83b82d45,I K,I K (Ca-activated),train
b41370c419a5abbac81383e56a4db71bff6716cec23a010669837174ee94a2cb,I K,I K (Delayed Rectifier),train
74e51cd70f64f89036780352514a17f2c41069a63399d3cbe572bdc9a77107e1,I K,I K (Delayed Rectifier),train
255b584d2f213966c148ed81512c709ec652a29f1d1c10a770e5b2afeef19ffa,Z Neither,Z Neither,train
ede9fecb4cdff700b7ae27f833db525653e2e100e86500178ed56ed0c4c6ef35,I Ca,I Ca (HVA),train
21bd5b702b8daf7f9c091d5dc26c60a25f2e62a927b45e4e680ba06e424fae61,I H,I H,train
49681a2785fb86fa23faed035451744a210d8b3619d96801aad42926b7c6ec8a,I K,I K (M-type),train
e48a8cc099e179a30038b3cd83950de3d9e13529f1c8b531c7610b17f953eaad,I H,I H,train
fe932390583de2b1354a0995eefafbbde2bd82587814fec1c6833bfb0080b92f,I K,I K (Delayed Rectifier),train
542c80667d4fa5873f8523ff90b9da6ce5b2932cd5a6ab72ce50ed431c7b7f74,R Glutamate,R Glutamate (AMPA),train
5bda96e93e2949e3e220b1559047b9330aff9e8f3dd0b6cf97d57b694b1e8a61,Z Neither,Z Neither,train
058663a8dd65b8776603432837528221908662c51553cec5114e497d4ec98da8,Z Neither,Z Neither,train
af095dcb5c4767150418ca07154bad71adb3082bd2ba985eea5e9712da9c717d,I K,I K (A-type),train
d61f9326654fa6a0ecc79012339923336c8c0b668003533efefafc93f4634932,I Na,I Na (Transient),train
02a69cbe50610e5b80b2614aacc33111a65db60c08518249ebde6174715dda45,I Ca,I Ca (T-type LT),train
701898449be7b42c464ee136d43c8431f62ef228f06c2f133bbe4bb550feabf8,I Na,I Na (Transient),train
0deea947e8ea7cec2185523851c4cb4a2e3c3554da3278b0fa487835dc392cb7,I K,I K (Ca-activated),train
a344c9e2cc40fe03f268457f763f7b14afbf4f0fb6c9084b036123c17a93350b,I Ca,I Ca (T-type LT),train
7de9aa118f14a7b5dd499181a6dfee1898592d2b8d8179e5bb123cd88d7b9601,R Glutamate,R Glutamate (AMPA),train
37bfe228042f79b485a50636a420726a46582a46f4e422900d8620160f32a5b3,Z Neither,Z Neither,train
8b37c060a6e98ae237201cdddb3974901ad989db332e30d686d2bcf7046596d7,I K,I K (A-type),train
7df3bc353378d2456e98bbc1b2725d7d49144ceb39cbc4d8297929f12b201530,I K,I K (A-type),train
0000beee04c7e0a5ee865f08433e13519dadd6dd7c0f819eb88cc4757068cebb,I Other,I Other (Rare),train
eead06ca616245e9207104512dbeca0dfc5c6696bef40cf170bb3aebb14cbe26,Z Neither,Z Neither,train
5054c93b8cb44d0042ad9a60888c94b54cbd473f5e56a3c8fee6c65e01bdd1dc,I Na,I Na (Transient),train
243f4238f94559beb837e02c4c3a94a124223f580f25c40f5cc35275d47b6bc8,R Glutamate,R Glutamate (NMDA),train
08fab70b0ff4397ac76de33163896ac87c3c0c4db9ccdfffc32357c3ad78a2fa,Z Neither,Z Neither,train
2961bddddaad24e792d857e4689824e962d3560830ef3895c6ec509b41f3123c,I K,I K (Rare),train
c0516bbe64d9eded07abbdf9e5715fa8d7367d24a0bbcfda62745b782df4b858,Z Neither,Z Neither,train
2d48e869ba4d7f6bc608e4fa38e541f1bae1fa246eaaaacb7ead6d4aefd1b210,I Na,I Na (Persistent),train
22e5b2857a7e183d83a2ce7f65e027d7fe1ca76870334774c20180b5aaf42e0d,Z Neither,Z Neither,train
298a2eb4f8221f59f87f06f9d67e45c3eb2692b6830edbada7941f4b3551e1ac,I Ca,I Ca (HVA),train
eeb5b9e4314b5b6ab9dc8f337b438788ee09bb9f7ab45d00cfc86437d374290f,Z Neither,Z Neither,train
2dfb5a5e8c5709f190d120ca7350157d63f5e32b1f26e75ca309ff94c0f20d01,I K,I K (Ca-activated),train
2632932a7651d220970231473b8bd7ca61babc938a0ff204283f12c989977b4e,I K,I K (A-type),train
3c27447c309bffef7939b4ae521972f7f73e0cb06d77ac2e414a2c5b2c275340,I Na,I Na (Transient),train
4a6817e608cd7c0b150e5f988e0e0dbcf0682b785727b586a2b60ba611cc11aa,Z Neither,Z Neither,train
cddc9e426e20b735b35e0ae61a7c5e949ef260ae17b0aadf477ef210321d02c4,R GABA,R GABA,train
6b5a7cc8dbdfecec02785afeea0205a4bc8a10fb30231945508f176861b2e2a5,Z Neither,Z Neither,train
dccad382e69bf254d4f518fa088eed2d004f463380fc780fee8a5cb9d0958392,Z Neither,Z Neither,train
1a30a984cc73fc5252625465137605df74a965e4bc7755d733c8b2f09f72228d,Z Neither,Z Neither,train
e4a9c80ab18cb727f83fdcddd39485d5c432115f1d128d19c6940a568a59aeb5,Z Neither,Z Neither,train
9bc4316657bdc6ebba9be36f24df04b4d50c00060d8d333b8a63a4d9f863476a,I K,I K (A-type),train
c96107f3e300fec5fd6e48cf72b2a9bfb60b82623c21b7abf6bf35f5812addae,R Glutamate,R Glutamate (NMDA),train
abd4902abc5ad78269b6b9a4cc6d430bdd2bdd777cafd2346736b438074e1adb,I K,I K (Delayed Rectifier),train
e1b346fd78ece55bb1ceab6111939dab402a372d319b26392c3d0c62a26343ab,Z Neither,Z Neither,train
1657b111ed153f7b94c613683b9836433893147d351ab2ecc00a8f2d14d7f744,Z Neither,Z Neither,train
6fc34f1c6b93519faa46df36c1a4b2ebc4a702f64e79a4d74dbd80847e00082a,I K,I K (A-type),train
42c2d00c6e0e6a38f863fe7046a7664c8b33bfb31392f9c5473187182222a684,Z Neither,Z Neither,train
ab030588e71103fb0b78f771426d879b040d45a0f67598f070ef9f43dd6003f0,I K,I K (M-type),train
e649e526622ee722bf6ea3d9635596705f845223990d6a298891aafd18b0d86e,I Na,I Na (Transient),train
e5ad5d9692474e272d19c0640d46b1e5455b39d3c0f3dee97546d11998919c3b,R GABA,R GABA,train
ae2292bd1b5c1085daa4c5e06d08a658f5645c3ed718785aec42fe48a562eab0,I Na,I Na (Transient),train
a1f660dd81999028f9a8b543dce7add97d18f2dc5ab2e375c5b1ec73771bb051,Z Neither,Z Neither,train
727fa1fe43769ea7bcafe182ad82dae4b8aa570a423ae0b190146a19d8152f09,Z Neither,Z Neither,train
b58ec817ce7af3028adf206e4336eeb2424fba82e98046395a4874583f572535,I K,I K (M-type),train
2e463e094f050091d1defc7b8036ab63f2d7e0d48ef4286ea27fa24194b4e296,Z Neither,Z Neither,train
66d56da3c47bbb9649e26dcdc873e3de47dcc82430d5f4475e0d3439b1fe1699,I K,I K (Ca-activated),train
b4a2398c4068774495deec062cf067783d1676ca340eaa02b8d90dbff699af6a,I Ca,I Ca (T-type LT),train
8e102c7d99ef0627f3c70c2b4d5396a0db1098cb33312d36fe670ee4a54c3677,R Glutamate,R Glutamate (NMDA),train
e5c39c5bb860876273b5d7877970a6d894244a0261cc5554ee4835410b6095ca,I K,I K (Delayed Rectifier),train
fc85f3a96a3f17341bbc7bc39bb2934e22ec8714e8124f56618a530db369a362,I Na,I Na (Transient),train
8e46de8116b1a02d8102631097a7a35f85b403a1218515120f9326fc4573d42f,I K,I K (Ca-activated),train
3e806758c5de1cf0c52436ed4d2829c61f3a49692fdd04b9dbca29e596212575,Z Neither,Z Neither,train
e2b4dc760b9a6160a94854bd38a4f9fcc9774c37b22274da5763a3771f0ec2bc,I K,I K (Delayed Rectifier),train
61e478ef133f92c85ba69ddb71ad54b6f3e409a022efac9bec2253a52635d90b,I K,I K (Delayed Rectifier),train
e64b895223acd5deb5d768e447ed75e503e04073a7b0c739c6e9208832044871,Z Neither,Z Neither,train
2b9f06b073685eb7aa5996569ba6b09b1c1bcb4d8f258160062c2918cc098fa9,I Ca,I Ca (HVA),train
4087a27a6d6f09115499a5afc1d45e456c72b48018ba87847a0feacf06ac15c9,I Na,I Na (Transient),train
1e19199e4ff21181070c02c3d36661463b5444de20c225150d51ff161e0bdb71,Z Neither,Z Neither,train
11cbdd1f59a9771461f9f08d7c8d2c09ddb7baf1716c09ab354c5f89b06cbcee,I K,I K (Ca-activated),train
85a402ec35e3b2c27c699e50f12a33893ba62c41824b5c17324211456b1e511d,I Na,I Na (Transient),train
50a198b49e525376b40958042d43a4d08c2942f0b1065b304e1ac25fc228ab36,I K,I K (A-type),train
a3f2ca17cd3b3f861869c92ccbac6b62f728f44ff8f3d3c663c5b2f8cbfaf0e7,I K,I K (M-type),train
714bd65d5a7e45207b0e3fcca53bf75c2103b6182cee1da49163de4074ad0940,I K,I K (Delayed Rectifier),train
3c13be213a5202e335491dd0152ab52ee1276d982cac9348515b408b8d05ff9e,I K,I K (A-type),train
99ca745b1897a7691b5e9c007675f2d5f1702d132ab5a3e03a346b1d8d850cb1,Z Neither,Z Neither,train
47daf3bb78e232f752421fe7db6929a97128b308a6db60cd05ecc0e268c7d051,I Ca,I Ca (HVA),train
454548d0c16360cddfdea4d36e5dea54a750f743d057f47d552401c2c1123085,I H,I H,train
5123f83e5927a5aaf4995b087b20229b1b6e412a8957a73018e53db11fdac9b1,Z Neither,Z Neither,train
c60aaf1d505309f010f3a97d7d9774f0d72cddc971003ce9506b3fd18b0282e1,Z Neither,Z Neither,train
30bf8e3c709cb27b2d4b787129d99bcb78522db97a117fac708adbaccff72fdc,Z Neither,Z Neither,train
48c8f511b368e13115d66730995e99d1b459410c69d9e917a6bd230cc79ad44f,Z Neither,Z Neither,train
9850182515801f024be093cb02119a2f4e981f0a194949cd6a7b15fb3a97c789,I K,I K (A-type),train
ade9f73bce28f3ecca2087974632f89dbf788c6cc37121b990a4c7a0136686f0,I K,I K (A-type),train
4dd06ec6c383346730d0a82572828975574e6e221d2e56a965b6748f63efe7d9,I Na,I Na (Persistent),train
d0f61ec430f8db7f5f2e71cad46e03d5e4d308f94362d3159d02f6f105ef3b47,I Other,I Other (Rare),train
71fb724fa0707f1655dc085cf01d89843ebebb05b89f044f383206d87e80c8d4,I K,I K (Delayed Rectifier),train
e94fc8b3a61119923f6afc30ceefd0c107c273420eccfa812f5639d3c25fce61,I K,I K (Rare),train
a05f26b2b4e95512285321761cfd010152b2ecaf3f9783055266639981ad4af7,I Na,I Na (Transient),train
1aa6ab3b48ea9449ecae026dd0e5b01710e8db72e303bd2b5719bde75f8af59c,I Na,I Na (General),train
99542cf95eb157be2065e54d0ef4adf80f2691c55483c50d4da96cca64fa65bf,I K,I K (Delayed Rectifier),train
6c24d97a4b0a010e2cdbe9e6dd3ba7a60f01aff5cab03b82ceb81a3878927171,I H,I H,train
d51addc690e24cb1e3a446098deb266e4ae7d6cf883281bc3269b330f5eb2e75,I Na,I Na (Transient),train
dfcc7d5703dd65ab0c8c032b7fd6d521de3ba522a33c07e0994f9f5e366703dd,I K,I K (A-type),train
a0e8dbb777df965b5c7e1d6d78a27d289498156c9d34195ca569a22dff1086b4,I Na,I Na (Transient),train
75b7c2d3dc4df4582ea532257613e33aa3d3a8a2853e599c80888e8d6aff6511,R Glutamate,R Glutamate (AMPA),train
2cb72ddd80aad3fbd0d3b0c6b9d1afd5b3806c6c3c4a6fb2adc02ac3dd9b39cb,I Na,I Na (Transient),train
3af9b07262ddd5b2250a53753559141509f14ceb3af0f61d2530e46bee2472f7,Z Neither,Z Neither,train
0c34ac78358f38f232f333f7ac99425d32dd1015763553205f7e73ebb59a6533,I K,I K (Delayed Rectifier),train
9653ba759eea0a1d6692a30d136a2980f45e8d09f0b8d7767c08f1f9e851bdd6,I Na,I Na (Transient),train
5adfa65635501665f2b963a8d0aa3547b94cfecb68af8ad24d8db4a718a02efc,I Na,I Na (Transient),train
59378b780e36a82cde7ecbd86515f218ad5cba4e23f39c7db5e3a36699bb125e,I K,I K (Ca-activated),train
3671467de1e9de539c9b19d458af170fe0162e2bbbda21dacbbb5966679f4085,Z Neither,Z Neither,train
1e47dfd343d0bed6630ec508e86d32fe62dae51a242b971568b166bc8056bf2e,I K,I K (A-type),train
7ff58cccaa90588766bc25c73dd10791bea374fa5e91b64c03999c08fa32276b,R GABA,R GABA,train
db0fe5c8186dc4d0f51fa7c9472e9559d0718602099511ac4f25bb1289d9f6e8,I Other,I Other (Leak),train
d70a9714d4593893267b7b54d6bb63ef2b0686599ee54b4be4dd1326f6ccfa81,Z Neither,Z Neither,train
e0e1b72f4ea8bb05b924ab1f3049a36ecbad6e395d9fdb7442a711c1b8885e11,I Other,I Other (Rare),train
a141140ed98543951dfd95d0444b84a7cd9f05815d95c6868704c70c443d094c,Z Neither,Z Neither,train
1d5f805d6120b9dd985a1cf2502eef1e46ce06770464791d0cd88cf47eca0c41,I K,I K (M-type),train
9c112ae9dffe808d29ce72cbc8ac930521fbf93a8378087e87afb5d72f9ef295,I Ca,I Ca (HVA),train
57dfacecdc6b8ab0939f423d3937734c1ed9208b36393999f8c7dd863f910e76,I K,I K (Rare),train
0e8bdecd6d7f215aa757f7bc7eb77b993ea69333cbd59b47ebcdd4ffeb61c139,Z Neither,Z Neither,train
5378e86ea7c26d117f5eefdd42f11afd5dd93e75ac235bc5a2de65d887a27943,I Ca,I Ca (HVA),train
b4daf964109c6f3bd849585686e847f7300449718118c198ef774b669e7859ef,R Glutamate,R Glutamate (NMDA),train
11e8a7b5b7dd3508f2cb16cd17b3d5e9ed95802ffc37eddd6b4937c04d13479c,Z Neither,Z Neither,train
48f6c5b69c636cd6d19a7389d93ff2b79b734bd74f906f58edd2c20079104022,I K,I K (Ca-activated),train
e7aa24d935ed875ed34117081575b920c5f087a7b4b48d5df3bbd88ce852f942,R GABA,R GABA,train
ce6c0263926a1a13703eed498ffbf7f8d9186829bed8dc9b83d6c6ce81b1284b,I K,I K (Ca-activated),train
6ffb5c13a39d53d442dc982d5b679fbe6cf494789df8e6db33bf249a725b8564,I Na,I Na (Persistent),train
99661e0c4543c27ba867740fc7e4d54a7c3c7210872a3996eab8f4c11ad078e6,I K,I K (Delayed Rectifier),train
1d8c7ec8140459eda79329406026daa5fea3364e1eff3909c4152038f8d56028,I Na,I Na (Persistent),train
e92d01894fb69379e1c601a50404ef51979cdf6c2876c60495f814a58a4d081f,Z Neither,Z Neither,train
9f7b58409347519ab38846b3012869f9e3c441ac8c8cd432c6d3ef03b7a21309,I Ca,I Ca (HVA),train
45254c399b5d8c3e902055c138a8f1ea724aa9566d57e1be8cc91f03b58761eb,I Ca,I Ca (HVA),train
6b876f5809eff101ac00ab751d04702dd4659e9d8c349b35b213e995b67e0402,Z Neither,Z Neither,train
590d551d00eeeff4c74532cc9d648bb877c6ad0dffb35c21ac2edd04b45c0d73,I Na,I Na (Transient),train
d1715ad96aca2bebfd42b3d275d344777a528ce1d026296adf1604a38f0f24e7,I K,I K (Ca-activated),train
c73b80f66376f8903f42dc702da273c3523a9087e20f745d60dcbc6441bb94d4,R GABA,R GABA,train
0dccbeb565ff1bcc5db7b432326368919c37b65933a4fea149d9abb20a77a2cb,R Glutamate,R Glutamate (AMPA),train
c647f9f68f95bfc7f970b90c08f5d4b20a046ca5acfd9b047d45666f2a67bfd3,I Ca,I Ca (HVA),train
457f116b9e01a198a6b79bd191c343de9cf281f7385bf5caa52a67dff9039504,Z Neither,Z Neither,train
59612459dac663f757bb27bbda6d5aaa73930a9cc24554c36e7e737245049f5f,I Ca,I Ca (HVA),train
5e4b832a9d613f10e62fa85e5897064080ca972366d7f6d06543d29794ce1bf3,R Glutamate,R Glutamate (AMPA),train
b6461bf717182e1f1870d4fc09251ffa88aa3f1b876a94d2064d462828c92f41,I Ca,I Ca (HVA),train
b5c296c33cd92bb76f6fd90123df6e648b627fb31f7da5495572e2ce7405c4e9,I K,I K (Rare),train
c415c23543e81f3c0bd288869b4efefd9fda76848bb3565860303719b24dc2db,I Other,I Other (Leak),train
10ba049ae44a7641e6f429489d55721ea55e895f9d09fac16ac3b066a314de96,Z Neither,Z Neither,train
57e99760ea844a347a0468506ccbbfcf7cb644deb1774c4498f56807f7ccc95a,I Ca,I Ca (HVA),train
6203474852a621384b5053da408ec0adba650a158523b63d6f042c5a396b87ee,I H,I H,train
290de88adde5622abd3ba1b25a8615fa4626784f6d9b7a834b7401225d23f11a,I K,I K (A-type),train
b0d59399d9b19f506b89b78f5ac9cc58e33ba9ad74d2a07d66da72caab5f970a,I H,I H,train
7a749464894c3cea4e6594141c642d052628b56a30e21077b3d52051abcb96c9,Z Neither,Z Neither,train
021ceffca40d11821b6fcfe5d50d30d874b33c8eb9e5a639802ba2032eab0cda,I Na,I Na (Transient),train
752c6b8881151a762a68d71c4a00aa88b33df98059745fc3d72862fa30d811e7,I Ca,I Ca (T-type LT),train
9a079861ae8dc88771c91f7f677cdc0f04932f165341fd8f1854b64efeee2eea,I Other,I Other (Leak),train
1202d17a1b7ceb1c4cee36eeb2c63a42404d84b6eb9f6b8d8c83c555e193249a,I Ca,I Ca (T-type LT),train
e9e175d243186f25abaddef8acfc4a9c9e143bcb81a9792fe315d9c25a11d047,I K,I K (A-type),train
11e2a1255bbb450f2f902894e2f9df1c5b6c47d6bb2543b4a4781331b31504ab,I H,I H,train
8f902ff7ef5ecd47895907036d31f34ed1396ecccf5046fda94f4d0b3007e2e3,I K,I K (Ca-activated),train
0aabf95b07442be6e140473f6c7bbfe27ecf39f70c105361632e1d16e066b1af,I K,I K (Rare),train
700c3c9e620d8207cb8d6bd3a9eded5207e7a05b6534f8bb59cb67e16832feab,Z Neither,Z Neither,train
d418cdedd2c234372efb374d0b0a2ec6bf6f39af4f38541fbfa7803ae51a1dce,Z Neither,Z Neither,train
e97ca8a7f9734805832e5ae75442d19d3d7796b9a24190a20d107d1ea27784df,I K,I K (A-type),train
27a3fd732531c3c0ee1b36df861f717ee3430c7d126a28bd8475f03f67a3f5a6,Z Neither,Z Neither,train
86748c04ec79009c6d2690aa64f73805d4ecbeeb000f9111555dca29dc74e264,I K,I K (A-type),train
11de765f9c0362d05675c37bdf1f96987b9593eb91cda851f0108f26389d5151,R Glutamate,R Glutamate (NMDA),train
25d341cc61c38137c40e3d9d888d34a89e0c980bed797ac4c89b5904d8f31149,I Ca,I Ca (T-type LT),train
b5bc04bd2046474864093eaec156f205214e30404315ae71298b78ab6119dbbc,Z Neither,Z Neither,train
ff8fb4bd62d9d32438c630976c033827834aea9ad3089bdbff06c9831cf3aa59,I K,I K (A-type),train
a87db11d3769d9324e5dcc3cf9df7794012012d0904be1d7a36f7a382106eec8,I K,I K (Ca-activated),train
bf3d5266782d02811f4c2c7432076a90f6e2f94f2e26f60772a40e5c8619a8e5,I K,I K (Delayed Rectifier),train
04190646c347b693337a892293495e728b8180aab1921d7821fff199e2e730a7,I Na,I Na (Transient),train
65ba3a23b440a22cce57f343db80d72a7c3ac6e7338bfe14c8c29fdb6376569d,I K,I K (A-type),train
2174270f39555d14a3e156bc4354da3bc463605842d6a66a9138ae30ae7bec2e,I Other,I Other (Rare),train
9693fe0bd6657cf76b586a3e1fddc0d4c558cade912f395664bd88fdbdfb762e,Z Neither,Z Neither,train
304c59068ebd93d16be129a17b2040dd07502d62c7e9a40c56c882a06d441f79,Z Neither,Z Neither,train
0cc264b7b9b4ccb9eeaf8a5a63ec0bd1ae9307bd9cdcd5e9797cfd129dc46f00,R Glutamate,R Glutamate (AMPA),train
7ceee0309bdcfb9180b507074ac0eaed676fc293ade01a2a55a5d291a4ce2feb,I K,I K (M-type),train
976c2c7b5b0705a376f0a1ff29495e7fe0069d995118310ff247c8d9f0888a08,Z Neither,Z Neither,train
a1bdebbd41f14304d0185d108475f2398d2e3f73a659629696fea300a7659e8b,R GABA,R GABA,train
79ccf104ac215a45c8de68101f6d596bdd2297b2f3108c53bac9f579ce19901b,I Na,I Na (Persistent),train
1ed65b041e4c07e4d3720589ed392e7bd826086853fa83bbbddbc0f6f3f9f137,R Glutamate,R Glutamate (NMDA),train
04f8a11a33a56b576f1acbfe6ce71b9128360653fed9d63ad55a6e084d51752b,I K,I K (Delayed Rectifier),train
93c184232c333c4a9f812d3414aef63ea49086fdfda75617a586d15fabd548e1,I Na,I Na (Persistent),train
83148f979fec8a1d506d1793f4a471f8cd59a9125e795b2a3e965784446a0c34,I K,I K (Ca-activated),train
aeaa32102ec4a98a08d51c98d6323d900b285b408cd83dd37883e006c7633a9e,R GABA,R GABA,train
b99449b8e583753573753f7b5231712c4074d2ca5d8d0aa54d657e1215e910f3,Z Neither,Z Neither,train
ceca2399159859aecfe862005a61077d4c82456b3e9d9edb90b8dd4c951a84e2,I K,I K (Rare),train
dc8c2c67d9c97e91bc6020f802df1c6c45677a85b01bf78a924057a860c4b66d,I K,I K (Rare),test
840bc7359298d97bb410987ce6456f1666f232446f7552ad31750575a8867807,I K,I K (A-type),test
b37d9a9187832d72838962e972a6f3c6639a41c01755f73efa050ec4d9997449,I Ca,I Ca (HVA),test
a1baff83bc033fbbfd90d7f0343d4097f01b9a75957e0a1c07ec6ddc5e45c0dd,Z Neither,Z Neither,test
3c251d45f8747a637de413c987d0c55aa3cd90fa9564d4db4c2c895592123ef1,I K,I K (A-type),test
2648e4c41271dc5141dbf0faff9ed9d5c5672b88a006103531a7d374f0184d9d,R Glutamate,R Glutamate (NMDA),test
8ae54eba01f3e9fa64a79e7658052074d55c75e8c98b80e13b4ea7d89a854ea0,R Glutamate,R Glutamate (AMPA),test
0bea7e225ad7559c1ed547db513cdca424434e10ae21fb1b2fce32cb12e5a25a,I Na,I Na (Transient),test
b498c5becc54e580e0ac04e236516e69f17b28c2a1ced8af71c4eaa3e46405e7,R Glutamate,R Glutamate (AMPA),test
73b297ba02582cdb6502679adf26acdc250524816c2488ed0ec3f9a82d637ab7,I K,I K (Delayed Rectifier),test
f5ce72aa7394f8b1da86d1aa30a76193d9219901c4be3be528c4513723b76c59,Z Neither,Z Neither,test
8836c3bd7b44d71505ede39aa179ee8742cda2cdb490fe302a02751353783179,Z Neither,Z Neither,test
221b0c7e9b234ed4c421f3aad6af7b7cf523977026c6ad9a22ad93118a301e19,Z Neither,Z Neither,test
4b2582eb75ab69a517bbf7636fe331a6f6154728b808c0ebba770d41e3c8f2f8,Z Neither,Z Neither,test
a6c525655c1281dcd9788c46e215de0ffb4462d4128a72aab43b46d133ff7e05,I K,I K (A-type),test
15aa4f6ab70a371ce8abe0dcfad42b1134f3afaff180324a92c065f33d63ee54,I Other,I Other (Rare),test
b34b72146b72c36352a2b6890524600a753cb8ef528020d4dd7151cabe91f341,Z Neither,Z Neither,test
b8fabb50c57e580973c328e846f75b7e85724ca4503bb191d90a945e25dc9fbf,I K,I K (Rare),test
fdea9447c484d562f97f8f8738fa8301efa347782beb24aeb8d27b5c5493c999,I H,I H,test
158908948c7b908013aa45040718b5fd6867aebe9732a8dae1a1f07b7e8d45a4,I Ca,I Ca (HVA),test
42176a75b0c5019dd7dee67b0d4232a04c1dc703a3d77c34ed2c59c7aa9da0e4,Z Neither,Z Neither,test
7124b3e2398dead733f1eacea2ce9ae82f1bfb436453bf99468e9113a6bc650d,I H,I H,test
263a9eb039abe44c3b431a6190869482895fc6feecfdfd91037e3ff9e1cd6d68,I K,I K (A-type),test
3e29229a99c650ae0ea26b4cd28485ba352fbbe7521acab495924c53151288f4,R Glutamate,R Glutamate (NMDA),test
b84f6b0fe144e8460423c4deb55d877da94496e89de1355464f09470e5ba1ad4,R Glutamate,R Glutamate (AMPA),test
04e7817dca98f2cd1c234153a9f79a64e10967740b96f4243d0deeec08c57025,I K,I K (Delayed Rectifier),test
96526eb4a8f585ecbb64d59a643b0e83bfdc195f8bba6a5b145d532087690396,Z Neither,Z Neither,test
9bbabc95794782664eff3e6318db36ad8811c38572b48e7791075d01be310307,I K,I K (Delayed Rectifier),test
564ff0ce428f1421d94c81754cdd6db15816259e67823e0b85e89ebd8d077065,Z Neither,Z Neither,test
d5497845e38ceda068ed99292a1d5d20e1be2e429131fee852aa811e0062e6c8,I Ca,I Ca (HVA),test
cba8b60f90998d77ac345a20d4c85e839c63cb1fbf91b7a99448d6846852745e,I K,I K (M-type),test
4fd0981b98940d4e2e40183cf1df72193747615ec838447a290e929066b1de1c,Z Neither,Z Neither,test
651d509cbc9f3a364ef716a5891e7d544ebc82b1f1c2fd156d306a2d70b42a1b,Z Neither,Z Neither,test
05666299d9afed148fcf8a5ed41b54a76a85ae340a763b95d01703549c5af27b,I Na,I Na (Transient),test
db536c9295b29ab84fb05fc6743338bcda24906f2349c9c7071b761f25d2d170,Z Neither,Z Neither,test
ace1c00a7e25261124d5fefdbc937be0338b2ef6ff9f84655da6b3c2f8d3a9cb,I K,I K (Delayed Rectifier),test
858786144ba1d482595590e96a7022502d47c34ff1026f7fd605d6c5bb98377e,Z Neither,Z Neither,test
511adf6257535385084b693f9f35c361149bb78ba16f6a86747259262bd3c2d7,Z Neither,Z Neither,test
f52d652b4bec9675bf2192f15d98a4170edbf1c2465972c21db889908a1f4db4,I Ca,I Ca (T-type LT),test
97da8dde574cd55b492fe5f59e0e7d7cf6e1aba6173750d40a9d2fc7aad3b705,Z Neither,Z Neither,test
0e53f5bc020003b3628388521cd79536cbc07c82eedd1be5e10751dd6b40e20f,I K,I K (Delayed Rectifier),test
f74f5b2f0ac07acc00744cada98c8a5904e254b3006908a71beb7f45c883484a,I Ca,I Ca (T-type LT),test
1a3f36fe4c4ecfbb84a8240305bdaa02a8cea5b31fb0626a56b9ebf2f2757d93,Z Neither,Z Neither,test
f9e79e04e30cf15e0d66b0969bdfcd1bae1788dbc15e0438c205411cbb9a5643,Z Neither,Z Neither,test
63c0314403f439659df5521bd6815af2f8e15302bd00ed71334d900ab0afcf65,I K,I K (Ca-activated),test
1fa20f10204a3c61f2697d24a3606aaeae765e34bd6b4d33b9185d163b84b73e,I Na,I Na (Transient),test
fa707721ddbfe1f1a839119fe69fcbf32da0829b7ef4b4eccffe4da0f4af506a,I K,I K (A-type),test
27202708143aa9f521badd4c2f8b2521127493b1ff0572c66d5a316904c14bfb,R Glutamate,R Glutamate (NMDA),test
80accd0f9d092b19db006ab717a834f5deeb261dbf8fdc36bf4bbe80d8d30ccd,Z Neither,Z Neither,test
ea08fbe20fe982e7627669adaeca1244416dcc3e6c5b7e9a78081c899ad3b3e7,I Na,I Na (Transient),test
b5e05ce686b2d52f426341cca08ac11489213fd1b062bc6e8df3ce2e2206e7a4,I K,I K (Ca-activated),test
f8b9d101ded76a6c25d9744f86e95c0cdb790eed3a98dc760b58c19784666db4,I H,I H,test
a6b509c9b27c6b4502300815d2710faf6ab6ed93eae4c7f5f07f13a3c8f6676d,I K,I K (Ca-activated),test
21f80571fb6ad4a0c37851aaaeeeab3c3efa5a5bab49b26011202e672e357933,I K,I K (Delayed Rectifier),test
2a89e831fca92317d4ca8f42266dacb8bcfcd149fe30542995a2a86ff7593054,I Na,I Na (Persistent),test
a500323ca413d4399763cb4c6ffa8065e14c4194daa2b46b6636d1c036f4d2de,I K,I K (M-type),test
a49b5424160a592e6562a6f73dc6a2ed7719a3ceed22252999b2c4dcbde642f6,Z Neither,Z Neither,test
75e88be15963f630e4058b46776d0a97a9bbf59e12634a2e06272c533e249a44,Z Neither,Z Neither,test
2006773985e026a4cb548935217bd6e20265eeb1241fa1a9a429d1232c54c3ab,R Glutamate,R Glutamate (NMDA),test
e661d55f46057456db636270d8aa37a5c3d3daa5887643750ca866719fbdd2ba,Z Neither,Z Neither,test
f58a2c5ff94be4e8d8ab6e746c61598c2611c18cf8decf287803565f9c265ced,I Na,I Na (General),test
9113e96b4c6079519c1ecbc66fa88e221a20465dfc94b91e6768cb12db8179ce,I Ca,I Ca (T-type LT),test
69b9b260751b45969472fb5738ede4cccd302644ca34b26be1742b798b452963,I Ca,I Ca (HVA),test
3920669e8369dacfae16c6c774655993d4c7864a9c8eb00f3f24ff769efa849b,I H,I H,test
c00d7caf5137c2db09c6efc5aa59509650d61ae0d44dc0f6600267b3c2cb9c1e,I K,I K (Ca-activated),test
2c87297a3bf1f2719790e512103f5a3b510cfa5d0a847b3a28c527750b19c08e,I Ca,I Ca (HVA),test
606423f8f4a4f406f3387c7ee6f142bd121237272c347d84024c29b5654ad0d2,R GABA,R GABA,test
33acf1ee7fa3e15144482850a6d017266e2ce9ade889ad979f35ca03de6dfffb,I K,I K (Ca-activated),test
c687838ab7002afd65ea5de4179f8801a5d782bdf652d1ebcf4aaf1b65c18742,R GABA,R GABA,test
c26b29fdb11ea8291d867dd2ec550d956a84881ecf6d6c801d3747a9ce77c5af,Z Neither,Z Neither,test
b32a2091c4065b83e7985648070971229e6cdcb5504e8d132ecbe56e01ba879f,I K,I K (Delayed Rectifier),test
5022eaf34077f083facd41ac9e8f64b89dda8d4df4def7b2cd3d83773a3241a5,I K,I K (Rare),test
e79605fd87245ec5e89d998a777c430ac6320043cf97f1d4b50868e2effa1f70,I K,I K (A-type),test
886945b897861a993a61830f08010bc5700baac34f95affcd2e1a952a1f75982,I K,I K (A-type),test
83e76fdff0d1d9dac2c1adeefc42a8de6795276006d9197c92e16b8ea72055ed,I K,I K (Delayed Rectifier),test
3954d26324d0a7d3dfd161b16fb18dbc4c48b01b40857872b17ff41e898401cb,I Na,I Na (General),test
000bc408cafca4e2055bfd5595e4d86314852b3adf502448a8685c727b97997f,I K,I K (Ca-activated),test
91850f5c3855470426e8978ad1f59b93a9258263d3f8ac0b9edce5e4ae6c411e,I K,I K (A-type),test
e26bfd2f30c8123a8a0b524c309d2db6df71cc7f5700c4b255ed7d87740a8466,Z Neither,Z Neither,test
82ad24999ea874a5fc4574b497a4b9df3cb3bc44ca57a5e7126255434804211f,I K,I K (M-type),test
d5055c60dde49f3485ab8a72ca2649e6fc3aa5afcb21837882ebea6eb40281d6,I K,I K (M-type),test
32700f0d0efeb7319cec1fc854a4228753f8ef23b79d787e2893d15b0246bd44,Z Neither,Z Neither,test
bcee62920d7fa7e7fa11aaf14696ab0c6378bb1a9c0bacdbece6d6e2cae4aa8c,Z Neither,Z Neither,test
a5c0a068f57399a6dbce8e599f6e6caca65a3929f119c59a952711d084feb445,I Other,I Other (Leak),test
0445f1f9d61b5b69fed4c58bb2a8f3dd2e5cbecf0edf122e0d944f6c53829af2,I Na,I Na (Transient),test
7cfd90349e150a6b279f45629a521277831975e028005ce65bca54eae15bb6c0,I K,I K (Ca-activated),test
dda1b1f0acbcc128765efdf18270251ced21bcaed3d6949ba4ac1aa8e50a8125,I Na,I Na (Transient),test
959858fa73f3f5f0b2c25869dd0deb9d8dc218136a7f8036c2656ba9028282b8,I K,I K (Delayed Rectifier),test
4d0816f2aabcf3295ad5b9066a2a2eb2d5554d8abe9888c23b05bea297fd2bda,I K,I K (Ca-activated),test
9c12ab93d660fa7152d9071b7204125819636cc3fe847c07ac3812a8b0e35f39,I K,I K (Ca-activated),test
d6f02f33945f8a0e6e33a72343c1c74fcfba93f61ecb13ca8b252438b9e337eb,Z Neither,Z Neither,test
423b0108cca1bfdf1126a879f23f6673c134df8ae80ef0f929bc21481a1abe1b,R Glutamate,R Glutamate (NMDA),test
dd6e5c2a894e9f5b5afa4e4fb3affa58f32b7ebb7256efeb9d54f69f24611631,Z Neither,Z Neither,test
0b6591d0ebb1a2146905e3a1a69e3fa3f4a74c42e67d54e968d30240d218e2c1,Z Neither,Z Neither,test
528803297f9c6c5958bdc61ed59f2a61245bc2f1183ed850db177ba2b634ca4d,I Ca,I Ca (HVA),test
0a41b8181001c759271b4d78485275c2ce5629a8dd1ec68f4b9a0cb3be8ba5d1,I Na,I Na (Persistent),test
6c44f829895203330be30d70fb8d965f2bea2303699ab575d9248643437beaa5,I K,I K (Ca-activated),test
12f5b98ca759e1c6b4db3a7cc9f47962582af5c757639841be22e602d433305b,Z Neither,Z Neither,test
7357fc68793162560321026bd93e62d2b8f34c8980a71961da99f8adeecb9526,I Na,I Na (Transient),test
d50b0cfeb5ff6ea98b42fe6033700c0e98021f2ec4bba593b987a0f3cf15bb2b,I Na,I Na (Transient),test
c0b849919b1c1567dec2cb6d70d1298f4bb271b554ac1fcadd2bbde91aab350e,Z Neither,Z Neither,test
9fe5beb97d2f4d77d823ce328e2e3bbedf9f14fb61306f8d6d9701ad5fc13819,I Ca,I Ca (HVA),test
74ce7f9a6f6de807551187f5c0c196f6eaff5b6b70f346c7ee7da087a609d2c6,I Na,I Na (Transient),test
5eefbf800f8647e14a1e244389732a6fdf8edea0c55227e0be7cce48b6d11d46,I Na,I Na (Transient),test
d21365cb949fb3f9c01c652c39aa84262012e536ceb6c9d8dd6df678a3c8b168,R GABA,R GABA,test
716c781806cc766f168677b22e03a299ebfb5574ee014934d239434c4a2194ca,I Ca,I Ca (HVA),test
e17f253a80666aad2c229db1684071089f51fd7bb628120abe19ac08f3ae3c14,I K,I K (M-type),test
a9d7cf23f9f0ae9be9263bdd0575abff9d52a99a314ac20ce9d03b9bcf7ccae1,I K,I K (A-type),test
d44e87a1d9cc49d998a380d51ff6a1fe0be0b92fba86c503add18125451bbb3e,I K,I K (A-type),test
af55b8909667975eed6b8d4dde67d6e87ae65a45789c328a1bc2b7ac40ef238d,I H,I H,test
efe05e928e11c37abf8f5fae79d78600ef58fd17f7e25598ef950910fa1fc13a,I Ca,I Ca (HVA),test
99713c0032634e96cc7cde2dce02d8aa2baf75ad4cc835330db0d3ba2c1ed1f9,R GABA,R GABA,test
777d0e7e0ad86f324bfaed268b6e3a44d7d6af3f66e296e28b56f7a72f4d2545,I K,I K (A-type),test
586156a4335faffd26b6c03b9cc1355b50056c705f7f9410fe867359572f93f8,Z Neither,Z Neither,test
35407baa73f009951d04dda613b67ca860646fdaed6c2703cf1c574ff05993b7,I K,I K (A-type),test
e9f56e098846e406845111e5a203455ad56cac93aa4e518a1ab62b6021387c69,I K,I K (Delayed Rectifier),test
ee0ce2ce3792e76412f77c55378a660c73f0c4e7458a03ad9d3a74f94e317f52,Z Neither,Z Neither,test
91f1281ae950a52234b2323db3d578594c100d8cad792b40e779f9fd41d13221,I K,I K (A-type),test
285fa3f533c1d6a59160f7873f14eedc5f2ec8d0d61d1aaccf9fc8de5cf28ec7,R Glutamate,R Glutamate (NMDA),test
6e54b0705f27273878119a66fe8c31f80ca4e36bc6ffcad778a62192977247aa,I H,I H,test
a02ff182eefdc688f3f98afc01715f824f225d18c7a639d819e7c4cf182e7f33,R GABA,R GABA,test
e331348c5524ea2528651ce0d6f42fbd3f18f74f226b3819097bcdc524773f72,Z Neither,Z Neither,test
630fb1c21377e0a357126883f3a3312f29d10eceaced1b47b3a6899a3824f751,I Na,I Na (Transient),test
6cbc69b14099841cc0f584a7e9f009fd8b7481360c6d7a07b924817522b35a75,I Other,I Other (Rare),test
e1bf85946df35689c84a1095e9188cafee19c616db097c2e6340a47a555e6745,I Na,I Na (Transient),test
7aedbff8b983af3ea5185e56b51355ce6bb0b3b48b879a43adfa6a5407ed2f35,I K,I K (Rare),test
a955cdf1ec92e3c58189b031018621b2d61a2c18f4e3f9962e2071b261f303d4,I K,I K (Delayed Rectifier),test
1eb9f62f592115967bb9d3c1e99679339273c0eafa89bda09af1dcfae7c81037,Z Neither,Z Neither,test
8ed9f5c7ff8aee0dab052bd11079d2d5942ca6b3d59e849ac4e2a1fb12c50498,Z Neither,Z Neither,test
38bfc3947d6029961f63d975926ce9966b0e117ac0128596f99e36353f279b9f,I K,I K (A-type),test
dda7595d96a16646d41313b50bfceb6778a0c76cb650c535480bf27f3d10c1ce,I Na,I Na (Transient),test
43a060c1aa5a3c67df4a1e52e6a1ea2a4ee24959af86e283eb79bf76a4bd256c,Z Neither,Z Neither,test
283b76752385fc54a5278afec3588e1bafe91ec713d661b0bc583f429cb3e244,R Glutamate,R Glutamate (AMPA),test
5fa8e60706ce9c74272910437fbde491b6e3a3b259fb3b3936df6b128590b0f8,I Na,I Na (Persistent),test
8261679b54d1539a74ba45619cc7ac3b1fa8de0148b85126a94af1a5d709f68e,Z Neither,Z Neither,test
a1577c9662b85b3948caac31cb378eddf944d1dc38106e0d637ae101700b1037,I K,I K (Rare),test
c079f94be2f92d61be6a10d2b1f011e2a6679964bb92712d568760ad2c4169f0,I K,I K (A-type),test
8f0fbca354548556773037da23d0ebb9e581916835495ec34d4010e1ec290dc0,I K,I K (Delayed Rectifier),test
b0ba70654d10d639aea9f9c655c1aae37f0f3194bed4d118abc6fe635b128b96,I Ca,I Ca (HVA),test
b408003421870590bb819f81765f2bd5b9f2f90102b5f3769ba22d9da5f755a2,I Ca,I Ca (T-type LT),test
6c967beea674af628fb9505a42bb0ac77ba53a14dd2ad2d71fc2db5fa94a8397,I K,I K (Ca-activated),test
bcd979facda855ab577dc0cc18f1476bf510c7ac6b642ece1984d1e74e9d1866,I K,I K (M-type),test
87a70885150d71aa776b55eb97f90ca00bf20c2b7639ecad8cfc838e405a22bc,I K,I K (Rare),test
45ed9914b5a97f9e53684ac7aa168c722cbd7cb0f9816002568fa9fe15999577,I K,I K (Rare),test
be73bccd2c9832e1a9e0b681a01a0d3d49e567d128614ffb7249fce771992bd5,I H,I H,test
34114818ca5d13f438225a44721f2d011dcb0dcdb56fb23bcfcae8b552062038,I H,I H,test
33b71a79c73edd977fb36271c83ea69c17860623c57e48b9b7b7f8f385c7517f,I Other,I Other (Leak),test
26eae7725817f7e2e5e79601aae94bb0b8c27b754498fb20bb18a59c8234b854,Z Neither,Z Neither,test
76ef7f5d35d2c6ca2edeeb415fbc4bed1cbc0f5f3427652a5a43e3313351c58c,R Glutamate,R Glutamate (AMPA),test
